crash_date,dotw,weekend,year,quarter,light_desc,county_desc,county_no,junction_desc,collision_type_desc,surf_cond_desc,rd_cond_desc,rd_div_desc,fix_obj_desc,report_no,acc_date,acc_time,signal_flag_desc,signal_flag,c_m_zone_flag,harm_event_code1,harm_event_desc2,harm_event_code2,rte_no,log_mile,logmile_dir_flag_desc,logmile_dir_flag,mainroad_name,distance,feet_miles_flag,distance_dir_flag,reference_no,reference_road_name,latitude,longitude,geocoded_column_type,geocoded_column_coordinates,report_type,weather_desc,feet_miles_flag_desc,reference_suffix,ped_injury,fatal_injury,harm_event_desc1,crash_datetime
2017-11-03,Fri,N,2017,Q4,Dark No Lights,Baltimore City,24,Intersection,Other,Not Applicable,No Defects,"Two-way, Divided, Positive Median Barrier",Not Applicable,ADI1560007,20171103,18:15:00,Yes,Y,N,3,Not Applicable,0,NA,0,NA,NA,1800 ORLEANS ST,0,F,N,NA,300 N.WASHINGTON ST,39.2954430181271,-76.5894860029221,Point,,Injury Crash,Clear,NA,NA,N,N,NA,2017-11-03T18:15:00Z
2017-01-31,Tue,N,2017,Q1,Dark Lights On,Baltimore City,24,Non Intersection,Same Direction Rear End,Dry,No Defects,"Two-way, Divided, Unprotected (painted >4 feet) Median",Not Applicable,ADI286000Z,20170131,18:45:00,No,N,N,1,Other Vehicle,1,40,6.643,East,E,ORLEANS ST,15,F,W,0,N CASTLE ST,39.2954914544284,-76.5883192420006,Point,,Injury Crash,Not Applicable,NA,NA,N,N,NA,2017-01-31T18:45:00Z
2017-05-11,Thu,N,2017,Q2,Dark Lights On,Baltimore City,24,Intersection Related,Same Direction Rear End,Wet,No Defects,"Two-way, Divided, Unprotected (painted >4 feet) Median",Not Applicable,ADF6790006,20170511,22:50:00,Yes,Y,N,1,Other Vehicle,1,1680,1.14,West,W,E FAYETTE ST,50,F,E,1025,N WOLFE ST,39.2940389198247,-76.5908539295197,Point,,Injury Crash,Raining,NA,NA,N,N,NA,2017-05-11T22:50:00Z
2019-04-30,Tue,N,2019,Q2,Daylight,Baltimore City,24,Not Applicable,Other,Dry,No Defects,"Two-way, Not Divided",Not Applicable,ADJ6350060,20190430,09:45:00,No,N,N,2,Not Applicable,0,1415,0,South,S,S PATTERSON PARK AVE,2,F,N,1665,E BALTIMORE ST,39.2914802874101,-76.5845794618944,Point,,Property Damage Crash,Clear,NA,NA,N,N,NA,2019-04-30T09:45:00Z
2015-02-24,Tue,N,2015,Q1,Daylight,Baltimore City,24,Non Intersection,Same Direction Rear End,Dry,No Defects,"Two-way, Not Divided",Not Applicable,ADJ4460002,20150224,09:28:00,No,N,N,1,Not Applicable,0,NA,NA,NA,NA,2100 E. FAYETTE STREET,5,F,NA,NA,200 N. DUNCAN STREET,39.294238194222,-76.5867125988007,Point,,NA,NA,NA,NA,N,N,NA,2015-02-24T09:28:00Z
2015-07-23,Thu,N,2015,Q3,Daylight,Baltimore City,24,Non Intersection,Same Direction Rear End,Dry,Loose Surface Material,Other,Not Applicable,ADG970000L,20150723,10:00:00,No,N,Y,1,Not Applicable,0,NA,0,NA,NA,2100 E BALTIMORE,0,F,E,NA,UNIT BLK S PATTERSON PARK,39.2918302572772,-76.5856504440308,Point,,NA,NA,NA,NA,N,N,NA,2015-07-23T10:00:00Z
2015-08-24,Mon,N,2015,Q3,Dark Lights On,Baltimore City,24,Intersection,Same Movement Angle,Wet,No Defects,"Two-way, Divided, Unprotected (painted >4 feet) Median",NA,ADH444000Y,20150824,21:30:00,No,N,N,1,Other Vehicle,1,NA,0,NA,NA,2400 ORLEANS STREET,0,F,N,NA,400 PATTERSON PK.,39.2955147823747,-76.5849316120148,Point,,NA,Raining,NA,NA,N,N,NA,2015-08-24T21:30:00Z
2017-03-18,Sat,Y,2017,Q1,Dark No Lights,Baltimore City,24,Non Intersection,Other,Wet,Not Applicable,"Two-way, Not Divided",Curb,ADF686001M,20170318,23:35:00,No,N,N,2,Fixed Object,9,1680,1.015,West,W,E FAYETTE ST,500,F,E,0,N CASTLE ST,39.2941530875175,-76.5880121290684,Point,,Property Damage Crash,Raining,NA,NA,N,N,NA,2017-03-18T23:35:00Z
2017-12-23,Sat,Y,2017,Q4,Daylight,Baltimore City,24,Intersection Related,Same Movement Angle,Wet,No Defects,"Two-way, Divided, Unprotected (painted >4 feet) Median",Not Applicable,ADJ763002C,20171223,08:23:00,Yes,Y,N,1,Other Vehicle,1,40,6.84,East,E,ORLEANS ST,0,F,E,1410,N PATTERSON PARK AVE,39.2955282746455,-76.5849396586418,Point,,Injury Crash,Raining,NA,NA,N,N,NA,2017-12-23T08:23:00Z
2017-11-26,Sun,Y,2017,Q4,Daylight,Baltimore City,24,Non Intersection,Same Direction Sideswipe,Dry,No Defects,One-way Trafficway,Not Applicable,ADJ446003C,20171126,11:32:00,No,N,N,1,Parked Vehicle,2,NA,0,NA,NA,600 N WOLFE STREET,4,F,E,NA,1900 JEFFERSON STREET,39.2968785264423,-76.590741276741,Point,,Injury Crash,Clear,NA,NA,N,N,NA,2017-11-26T11:32:00Z
2015-04-16,Thu,N,2015,Q2,Daylight,Baltimore City,24,Intersection Related,Same Direction Rear End Right Turn,Dry,No Defects,One-way Trafficway,Not Applicable,ADJ086000L,20150416,18:40:00,Yes,Y,N,1,Not Applicable,0,NA,NA,NA,NA,1800 ORLEANS,0,F,NA,NA,600 N. WOLFE,39.2953528749223,-76.5906956791878,Point,,NA,NA,NA,NA,N,N,NA,2015-04-16T18:40:00Z
2016-07-06,Wed,N,2016,Q3,Unknown,Baltimore City,24,Non Intersection,Same Direction Rear End,Dry,No Defects,One-way Trafficway,Not Applicable,ADI5760011,20160706,14:00:00,No,N,N,1,Parked Vehicle,2,NA,0,NA,NA,400 SPATERSON PARK AVE,0,U,U,NA,2100 EASTERN,39.29427970965,-76.5848779678345,Point,,Property Damage Crash,NA,NA,NA,N,N,NA,2016-07-06T14:00:00Z
2018-10-17,Wed,N,2018,Q4,Daylight,Baltimore City,24,Intersection,Head On Left Turn,Dry,No Defects,"Two-way, Not Divided",Not Applicable,ADJ8850010,20181017,16:45:00,Yes,Y,N,1,Not Applicable,0,NA,0,NA,NA,1900 E FAYETTE,0,F,E,NA,100 N WASHINGTON,39.2941284376905,-76.5893096476793,Point,,Property Damage Crash,Clear,NA,NA,N,N,NA,2018-10-17T16:45:00Z
2016-12-01,Thu,N,2016,Q4,Daylight,Baltimore City,24,Intersection,Same Movement Angle,Dry,No Defects,Other,Curb,ADI703001Z,20161201,07:45:00,Yes,Y,N,1,Fixed Object,9,NA,6.753,East,E,ORLEANS ST,0,F,E,NA,N COLLINGTON AVE,39.2954493967178,-76.5864309668541,Point,,Injury Crash,Clear,NA,NA,N,N,NA,2016-12-01T07:45:00Z
2017-01-03,Tue,N,2017,Q1,Daylight,Baltimore City,24,Intersection,Head On Left Turn,Wet,No Defects,"Two-way, Not Divided",Curb,ADJ768001J,20170103,08:00:00,No,N,N,1,Other Vehicle,1,1680,0.905,West,W,E FAYETTE ST,0,F,W,0,N COLLINGTON AVE,39.2942558382819,-76.5863786637783,Point,,Injury Crash,Raining,NA,NA,N,N,NA,2017-01-03T08:00:00Z
2017-06-08,Thu,N,2017,Q2,Dark Lights On,Baltimore City,24,Non Intersection,Other,Dry,No Defects,"Two-way, Not Divided",Not Applicable,ADJ6730037,20170608,21:00:00,No,N,N,2,Not Applicable,0,NA,0,NA,NA,N PATTERSON PARK,30,F,N,NA,ORLEANS ST,39.2959849345857,-76.5849463641644,Point,,Property Damage Crash,Clear,NA,NA,N,N,NA,2017-06-08T21:00:00Z
2016-12-05,Mon,N,2016,Q4,Daylight,Baltimore City,24,Non Intersection,Same Direction Rear End,Dry,No Defects,"Two-way, Not Divided",Not Applicable,ADJ456001W,20161205,15:15:00,No,N,N,1,Other Vehicle,1,1680,1.14,West,W,E FAYETTE ST,10,F,E,1025,N WOLFE ST,39.2940679807096,-76.5905253589153,Point,,Property Damage Crash,Clear,NA,NA,N,N,NA,2016-12-05T15:15:00Z
2018-04-22,Sun,Y,2018,Q2,Daylight,Baltimore City,24,Not Applicable,Same Movement Angle,Dry,No Defects,Other,Not Applicable,ADJ874000Y,20180422,13:00:00,Yes,Y,N,1,Other Vehicle,1,1085,0.56,North,N,S WASHINGTON ST,5,F,N,1665,E BALTIMORE ST,39.2917472234918,-76.5891265869141,Point,,Injury Crash,Clear,NA,NA,N,N,NA,2018-04-22T13:00:00Z
2017-05-01,Mon,N,2017,Q2,Daylight,Baltimore City,24,Non Intersection,Same Movement Angle,Dry,No Defects,"Two-way, Divided, Unprotected (painted >4 feet) Median",Not Applicable,ADF8190050,20170501,11:40:00,No,N,N,1,Not Applicable,0,NA,0,NA,NA,100 S PATTERSON PK,160,F,N,NA,E PRATT ST,39.2900367056067,-76.5845775604248,Point,,Property Damage Crash,Cloudy,NA,NA,N,N,NA,2017-05-01T11:40:00Z
2015-04-21,Tue,N,2015,Q2,Daylight,Baltimore City,24,Intersection,Same Movement Angle,Dry,No Defects,"Two-way, Not Divided",Not Applicable,ADI5610007,20150421,08:49:00,Yes,Y,N,1,Not Applicable,0,1680,1.14,West,W,E FAYETTE ST,0,F,W,1025,N WOLFE ST,39.2940472229359,-76.5906286239624,Point,,NA,NA,NA,NA,N,N,NA,2015-04-21T08:49:00Z
2016-10-13,Thu,N,2016,Q4,Daylight,Baltimore City,24,Non Intersection,Same Direction Rear End,Dry,No Defects,"Two-way, Not Divided",Not Applicable,ADJ484002P,20161013,13:00:00,No,N,N,2,Not Applicable,0,1390,0.15,West,W,E LOMBARD ST,100,F,E,0,S CHESTER ST,39.2906138024762,-76.5877023339272,Point,,Property Damage Crash,Not Applicable,NA,NA,N,N,NA,2016-10-13T13:00:00Z
2015-02-24,Tue,N,2015,Q1,Daylight,Baltimore City,24,Non Intersection,Same Direction Rear End,Ice,No Defects,"Two-way, Not Divided",Not Applicable,ADJ4460003,20150224,11:52:00,No,N,N,2,Not Applicable,0,NA,NA,NA,NA,400 N. CHESTER STREET,1,F,NA,NA,2100 ORLEANS STREET,39.2961229698449,-76.5876245498657,Point,,NA,NA,NA,NA,N,N,NA,2015-02-24T11:52:00Z
2016-06-15,Wed,N,2016,Q2,Daylight,Baltimore City,24,Non Intersection,Other,Dry,No Defects,"Two-way, Divided, Unprotected (painted >4 feet) Median",Not Applicable,ADI5770019,20160615,17:30:00,No,N,N,1,Not Applicable,0,NA,0,NA,NA,ORLEANS ST,5,F,W,NA,CHESTER ST,39.2954026926398,-76.5875601768494,Point,,Property Damage Crash,NA,NA,NA,N,N,NA,2016-06-15T17:30:00Z
2019-08-29,Thu,N,2019,Q3,Unknown,Baltimore City,24,Non Intersection,Other,Dry,No Defects,"Two-way, Not Divided",Not Applicable,ADJ859003C,20190829,19:54:00,No,N,N,2,Not Applicable,0,1665,1.457,East,E,E BALTIMORE ST,0,F,E,0,S CASTLE ST,39.2917395825878,-76.5880083255961,Point,,Property Damage Crash,Not Applicable,NA,NA,N,N,NA,2019-08-29T19:54:00Z
2015-01-31,Sat,Y,2015,Q1,Daylight,Baltimore City,24,Intersection Related,Same Movement Angle,Dry,No Defects,One-way Trafficway,Not Applicable,ADJ4840004,20150131,11:05:00,Yes,Y,N,1,Parked Vehicle,2,1665,1.407,East,E,E BALTIMORE ST,200,U,E,1085,S WASHINGTON ST,39.2917098582563,-76.5891748666763,Point,,NA,Not Applicable,NA,NA,N,N,NA,2015-01-31T11:05:00Z
2015-07-06,Mon,N,2015,Q3,Dark Lights On,Baltimore City,24,Non Intersection,Same Direction Right Turn,Wet,No Defects,One-way Trafficway,Not Applicable,ADJ013000R,20150706,23:28:00,No,N,N,2,Not Applicable,0,NA,0,NA,NA,N. COLLINGON AVE,300,F,S,NA,E. FAYETTE ST,39.2933497581618,-76.5862941741943,Point,,NA,NA,NA,NA,N,N,NA,2015-07-06T23:28:00Z
2017-07-08,Sat,Y,2017,Q3,Dark Lights On,Baltimore City,24,Non Intersection,Other,Dry,No Defects,Other,Not Applicable,ADF5490019,20170708,23:40:00,No,N,N,1,Parked Vehicle,2,1680,0.905,West,W,E FAYETTE ST,50,F,W,0,N COLLINGTON AVE,39.294155163292,-76.5863585472107,Point,,Property Damage Crash,Not Applicable,NA,NA,N,N,NA,2017-07-08T23:40:00Z
2018-06-15,Fri,N,2018,Q2,Daylight,Baltimore City,24,Non Intersection,Same Direction Rear End,Not Applicable,No Defects,One-way Trafficway,Not Applicable,ADI801003T,20180615,13:10:00,No,N,N,1,Not Applicable,0,40,6.53,East,E,ORLEANS ST,0,F,E,1025,N WOLFE ST,39.2952179517592,-76.5920233726501,Point,,Property Damage Crash,Not Applicable,NA,NA,N,N,NA,2018-06-15T13:10:00Z
2015-06-10,Wed,N,2015,Q2,Daylight,Baltimore City,24,Not Applicable,Other,Dry,No Defects,"Two-way, Divided, Unprotected (painted >4 feet) Median",Not Applicable,ADI1390007,20150610,16:30:00,No,N,N,0,Not Applicable,0,1087,0.257,North,N,N WASHINGTON ST,0,F,N,40,ORLEANS ST,39.2953175873509,-76.589298248291,Point,,NA,NA,NA,NA,N,N,NA,2015-06-10T16:30:00Z
2019-07-29,Mon,N,2019,Q3,Daylight,Baltimore City,24,Intersection,Other,Dry,No Defects,Not Applicable,Not Applicable,ADJ457004X,20190729,18:47:00,No,N,N,1,Pedestrian,3,NA,0,NA,NA,200 E FAYETTE ST,0,F,N,NA,200N CASTLE ST,39.2941739690924,-76.5884579325409,Point,,Injury Crash,NA,NA,NA,Y,N,NA,2019-07-29T18:47:00Z
2017-01-30,Mon,N,2017,Q1,Daylight,Baltimore City,24,Non Intersection,Same Direction Rear End,Dry,No Defects,"Two-way, Divided, Unprotected (painted >4 feet) Median",Not Applicable,ADH1180016,20170130,08:14:00,No,N,N,1,Other Vehicle,1,40,6.53,East,E,ORLEANS ST,20,F,W,1025,N WOLFE ST,39.2953155116108,-76.590466350317,Point,,Property Damage Crash,Clear,NA,NA,N,N,NA,2017-01-30T08:14:00Z
2017-09-25,Mon,N,2017,Q3,Daylight,Baltimore City,24,Intersection,Other,Dry,No Defects,"Two-way, Not Divided",Not Applicable,ADI824001W,20170925,13:00:00,Yes,Y,N,1,Other Vehicle,1,NA,0,NA,NA,N. WASHINGTON ST.,0,F,W,NA,1900 E. PRATT ST.,39.2917181616437,-76.5891641378403,Point,,Property Damage Crash,Clear,NA,NA,N,N,NA,2017-09-25T13:00:00Z
2016-10-10,Mon,N,2016,Q4,Dark Lights On,Baltimore City,24,Intersection,Same Direction Rear End,Dry,No Defects,"Two-way, Not Divided",Not Applicable,ADJ4240033,20161010,18:40:00,Yes,Y,N,1,Not Applicable,0,1665,1.647,East,E,E BALTIMORE ST,0,F,E,1410,N PATTERSON PARK AVE,39.2918914946309,-76.5847170352936,Point,,Injury Crash,Clear,NA,NA,N,N,NA,2016-10-10T18:40:00Z
2018-03-13,Tue,N,2018,Q1,Daylight,Baltimore City,24,Intersection,Same Movement Angle,Dry,No Defects,"Two-way, Divided, Unprotected (painted >4 feet) Median",Not Applicable,ADJ916000C,20180313,08:05:00,No,N,N,1,Other Vehicle,1,40,6.84,East,E,ORLEANS ST,0,F,E,1410,N PATTERSON PARK AVE,39.2954961007647,-76.5849168598652,Point,,Injury Crash,Clear,NA,NA,N,N,NA,2018-03-13T08:05:00Z
2019-09-27,Fri,N,2019,Q3,Dark Lights On,Baltimore City,24,Intersection,Other,Dry,No Defects,Other,Not Applicable,ADJ4570059,20190927,19:57:00,Yes,Y,N,1,Pedestrian,3,NA,0,NA,NA,100 N PATTERSON PARK,0,F,S,NA,2300 E FAYETTE ST,39.2942349185507,-76.5848717722123,Point,,Injury Crash,NA,NA,NA,Y,N,NA,2019-09-27T19:57:00Z
2017-10-25,Wed,N,2017,Q4,Dark Lights On,Baltimore City,24,Non Intersection,Same Direction Sideswipe,Dry,No Defects,"Two-way, Not Divided",Not Applicable,ADH6080033,20171025,20:20:00,No,N,N,2,Parked Vehicle,2,1680,0.83,West,W,E FAYETTE ST,10,F,W,1410,N PATTERSON PARK AVE,39.2942734823374,-76.5847800672054,Point,,Property Damage Crash,Clear,NA,NA,N,N,NA,2017-10-25T20:20:00Z
2018-06-03,Sun,Y,2018,Q2,Dark Lights On,Baltimore City,24,Non Intersection,Same Direction Rear End,Wet,No Defects,"Two-way, Not Divided",Not Applicable,ADK0580005,20180603,22:15:00,No,N,N,1,Other Vehicle,1,1680,0,West,W,E FAYETTE ST,10,F,E,2971,N HIGHLAND AVE,39.294304618895,-76.5846379101276,Point,,Property Damage Crash,Raining,NA,NA,N,N,NA,2018-06-03T22:15:00Z
2016-12-01,Thu,N,2016,Q4,Dark Lights On,Baltimore City,24,Non Intersection,Other,Dry,No Defects,"Two-way, Divided, Unprotected (painted >4 feet) Median",Not Applicable,ADH237000K,20161201,20:03:00,Yes,Y,N,3,Not Applicable,0,40,6.911,East,E,ORLEANS ST,20,F,E,0,N MONTFORD AVE,39.2955604485116,-76.5835931897163,Point,,Injury Crash,Clear,NA,NA,N,N,NA,2016-12-01T20:03:00Z
2019-09-27,Fri,N,2019,Q3,Not Applicable,Baltimore City,24,Non Intersection,Other,Dry,No Defects,"Two-way, Not Divided",Not Applicable,ADG791002G,20190927,11:20:00,No,N,N,2,Not Applicable,0,NA,0,NA,NA,COLLINGTON STREET,10,F,E,NA,ORLEANS STREET,39.2950316661132,-76.586426467899,Point,,Property Damage Crash,NA,NA,NA,N,N,NA,2019-09-27T11:20:00Z
2015-07-19,Sun,Y,2015,Q3,Daylight,Baltimore City,24,Intersection Related,Other,Not Applicable,No Defects,One-way Trafficway,Not Applicable,ADG493000X,20150719,09:55:00,No,N,N,1,Other Vehicle,1,1087,0.331,North,N,N WASHINGTON ST,5,F,N,0,JEFFERSON ST,39.2964467808137,-76.5894269943237,Point,,NA,Not Applicable,NA,NA,N,N,NA,2015-07-19T09:55:00Z
2018-10-27,Sat,Y,2018,Q4,Daylight,Baltimore City,24,Intersection,Head On Left Turn,Wet,No Defects,"Two-way, Not Divided",Building,ADJ7700020,20181027,15:31:00,Yes,Y,N,1,Not Applicable,0,1410,1.29,South,S,N PATTERSON PARK AVE,0,F,S,40,ORLEANS ST,39.2955195208793,-76.5849512523095,Point,,Injury Crash,Not Applicable,NA,NA,N,N,NA,2018-10-27T15:31:00Z
2018-09-26,Wed,N,2018,Q3,Daylight,Baltimore City,24,Intersection,Same Movement Angle,Dry,No Defects,"Two-way, Not Divided",Fence,ADJ879000T,20180926,15:40:00,Yes,Y,N,1,Other Vehicle,1,NA,0,NA,NA,ORLEANS STREET,0,F,N,NA,N. MONTFORD AVE,39.2955720322694,-76.5835300407987,Point,,Injury Crash,Clear,NA,NA,N,N,NA,2018-09-26T15:40:00Z
2017-08-06,Sun,Y,2017,Q3,Daylight,Baltimore City,24,Intersection,Same Movement Angle,Dry,No Defects,"Two-way, Not Divided",Not Applicable,ADI9970030,20170806,07:15:00,Yes,Y,N,1,Parked Vehicle,2,1392,1.39,East,E,E PRATT ST,0,F,E,1027,S WOLFE ST,39.2916890997835,-76.5904140472412,Point,,Property Damage Crash,Clear,NA,NA,N,N,NA,2017-08-06T07:15:00Z
2016-06-26,Sun,Y,2016,Q2,Daylight,Baltimore City,24,Intersection,Same Movement Angle,Dry,No Defects,"Two-way, Divided, Unprotected (painted >4 feet) Median",Light Support Pole,ADH509000N,20160626,17:05:00,Yes,Y,N,1,Parked Vehicle,2,1390,0.31,West,W,E LOMBARD ST,0,F,W,1027,S WOLFE ST,39.290520387838,-76.5903724730015,Point,,Property Damage Crash,NA,NA,NA,N,N,NA,2016-06-26T17:05:00Z
2016-12-14,Wed,N,2016,Q4,Daylight,Baltimore City,24,Not Applicable,Same Movement Angle,Dry,Not Applicable,Not Applicable,Not Applicable,ADH845000Q,20161214,08:30:00,Yes,Y,N,0,Not Applicable,0,1665,1.266,East,E,E BALTIMORE ST,10,F,W,0,S ANN ST,39.2916008762054,-76.5917645394802,Point,,Injury Crash,Clear,NA,NA,N,N,NA,2016-12-14T08:30:00Z
2017-06-13,Tue,N,2017,Q2,Daylight,Baltimore City,24,Non Intersection,Other,Dry,No Defects,"Two-way, Divided, Positive Median Barrier",Not Applicable,ADJ6730038,20170613,18:30:00,No,N,N,2,Other Vehicle,1,NA,0,NA,NA,N CESTER ST,20,F,S,NA,E MONUMENT ST,39.2962475127025,-76.5876996517181,Point,,Injury Crash,Clear,NA,NA,N,N,NA,2017-06-13T18:30:00Z
2016-07-09,Sat,Y,2016,Q3,Daylight,Baltimore City,24,Non Intersection,Same Direction Sideswipe,Dry,No Defects,"Two-way, Not Divided",Not Applicable,ADJ738000Z,20160709,07:14:00,No,N,N,1,Other Vehicle,1,NA,0,NA,NA,BALTIMORE,25,F,W,NA,ANN,39.2915709411559,-76.5922124683857,Point,,Property Damage Crash,NA,NA,NA,N,N,NA,2016-07-09T07:14:00Z
2018-08-15,Wed,N,2018,Q3,Daylight,Baltimore City,24,Intersection,Head On Left Turn,Not Applicable,No Defects,"Two-way, Not Divided",Not Applicable,ADJ885000P,20180815,12:00:00,Yes,Y,N,1,Not Applicable,0,1665,1.266,East,E,E BALTIMORE ST,0,F,E,0,S ANN ST,39.2916174911801,-76.591782509839,Point,,Property Damage Crash,Clear,NA,NA,N,N,NA,2018-08-15T12:00:00Z
2018-03-02,Fri,N,2018,Q1,Daylight,Baltimore City,24,Intersection,Single Vehicle,Dry,No Defects,"Two-way, Not Divided",Light Support Pole,ADJ835000Y,20180302,18:00:00,Yes,Y,N,9,Not Applicable,0,1680,0.968,West,W,E FAYETTE ST,0,F,W,0,N CHESTER ST,39.2942298911334,-76.5875132381916,Point,,Property Damage Crash,Severe Winds,NA,NA,N,N,NA,2018-03-02T18:00:00Z
2015-12-19,Sat,Y,2015,Q4,Dark Lights On,Baltimore City,24,NA,Other,Dry,No Defects,"Two-way, Divided, Unprotected (painted >4 feet) Median",Not Applicable,ADF6860018,20151219,23:15:00,No,N,N,2,Not Applicable,0,1410,1.18,South,S,N PATTERSON PARK AVE,5,F,N,0,WALDO CT,39.2970570358762,-76.5849852561951,Point,,NA,NA,NA,NA,N,N,NA,2015-12-19T23:15:00Z
2015-02-06,Fri,N,2015,Q1,Dark Lights On,Baltimore City,24,Non Intersection,Single Vehicle,Dry,No Defects,"Two-way, Not Divided",Not Applicable,ADI9730005,20150206,21:37:00,No,N,N,3,Pedestrian,3,40,6.911,East,E,ORLEANS ST,5,F,E,NA,N MONTFORD AVE,39.2958074602809,-76.5837836265564,Point,,NA,NA,NA,NA,Y,N,NA,2015-02-06T21:37:00Z
2016-12-12,Mon,N,2016,Q4,Dark Lights On,Baltimore City,24,Non Intersection,Single Vehicle,Not Applicable,Unknown,"Two-way, Divided, Positive Median Barrier",NA,ADH265000Q,20161212,02:47:00,No,N,N,9,Unknown,99,1340,2.386,East,E,EASTERN AVE,0,F,E,0,STRUC OVERHEAD - R/R CROSSING,39.2919132909641,-76.5842771530151,Point,,Property Damage Crash,Not Applicable,NA,NA,N,N,NA,2016-12-12T02:47:00Z
2016-12-01,Thu,N,2016,Q4,Dark Lights On,Baltimore City,24,Intersection,Same Movement Angle,Dry,No Defects,"Two-way, Divided, Unprotected (painted >4 feet) Median",Not Applicable,ADH237000J,20161201,20:16:00,Yes,Y,N,1,Not Applicable,0,40,6.911,East,E,ORLEANS ST,0,F,E,0,N MONTFORD AVE,39.2955801679705,-76.5835207700729,Point,,Property Damage Crash,Clear,NA,NA,N,N,NA,2016-12-01T20:16:00Z
2016-08-08,Mon,N,2016,Q3,Dark Lights On,Baltimore City,24,Intersection,Same Movement Angle,Dry,No Defects,"Two-way, Not Divided",Not Applicable,ADI750000L,20160808,02:16:00,Yes,Y,N,1,Not Applicable,0,1087,0.167,North,N,N WASHINGTON ST,0,F,N,1680,E FAYETTE ST,39.2942100828132,-76.5892808139324,Point,,Injury Crash,NA,NA,NA,N,N,NA,2016-08-08T02:16:00Z
2015-05-26,Tue,N,2015,Q2,Daylight,Baltimore City,24,Intersection Related,Other,Dry,No Defects,"Two-way, Not Divided",Not Applicable,ADG970000H,20150526,15:10:00,Yes,Y,N,1,Other Vehicle,1,NA,NA,NA,NA,1900 E FAYETTE,0,F,E,NA,100 N WASHINGTON,39.2941717694859,-76.5891695022583,Point,,NA,NA,NA,NA,N,N,NA,2015-05-26T15:10:00Z
2015-11-29,Sun,Y,2015,Q4,NA,Baltimore City,24,Intersection,Same Movement Angle,Not Applicable,No Defects,"Two-way, Divided, Positive Median Barrier",Not Applicable,ADI4670013,20151129,17:07:00,Yes,Y,N,1,Not Applicable,0,40,6.53,East,E,ORLEANS ST,0,F,E,1025,N WOLFE ST,39.2954077917052,-76.5907426178455,Point,,NA,Not Applicable,NA,NA,N,N,NA,2015-11-29T17:07:00Z
2019-08-23,Fri,N,2019,Q3,Daylight,Baltimore City,24,Intersection,Same Direction Rear End,Wet,No Defects,"Two-way, Not Divided",Not Applicable,ADJ875002H,20190823,13:14:00,Yes,Y,N,1,Not Applicable,0,NA,0,NA,NA,EAST BALTIMORE ST,0,F,W,NA,NORTH CHESTER ST,39.2919,-76.58726,Point,,Injury Crash,Raining,NA,NA,N,N,NA,2019-08-23T13:14:00Z
2018-03-17,Sat,Y,2018,Q1,Daylight,Baltimore City,24,Intersection,Same Movement Angle,Dry,No Defects,"Two-way, Not Divided",Not Applicable,ADG914003Q,20180317,13:17:00,No,N,N,1,Not Applicable,0,1665,0,East,E,E BALTIMORE ST,0,F,E,1125,N CHARLES ST,39.29176901987,-76.5847398340702,Point,,Property Damage Crash,Clear,NA,NA,N,N,NA,2018-03-17T13:17:00Z
2015-01-14,Wed,N,2015,Q1,Daylight,Baltimore City,24,Non Intersection,Same Direction Rear End,Dry,No Defects,One-way Trafficway,Not Applicable,ADH5970001,20150114,14:40:00,No,N,N,2,Parked Vehicle,2,1025,1.4,South,S,N WOLFE ST,100,F,S,40,ORLEANS ST,39.2940171241531,-76.5906634926796,Point,,NA,NA,NA,NA,N,N,NA,2015-01-14T14:40:00Z
2018-03-01,Thu,N,2018,Q1,Dark Lights On,Baltimore City,24,Non Intersection,Head On Left Turn,Wet,No Defects,One-way Trafficway,Not Applicable,MTA0304000V,20180301,21:34:00,Yes,Y,N,1,Not Applicable,0,1025,1.32,South,S,N WOLFE ST,10,F,N,0,JEFFERSON ST,39.2963990395471,-76.5907560288906,Point,,Injury Crash,Raining,NA,NA,N,N,NA,2018-03-01T21:34:00Z
2017-09-26,Tue,N,2017,Q3,Daylight,Baltimore City,24,Intersection,Same Movement Angle,Dry,No Defects,"Two-way, Not Divided",Not Applicable,ADI561002X,20170926,11:34:00,Yes,Y,N,1,Not Applicable,0,1680,1.14,West,W,E FAYETTE ST,0,F,W,1025,N WOLFE ST,39.2940472229359,-76.5906018018723,Point,,Property Damage Crash,Clear,NA,NA,N,N,NA,2017-09-26T11:34:00Z
2015-05-12,Tue,N,2015,Q2,Daylight,Baltimore City,24,Intersection Related,Same Direction Rear End,Dry,No Defects,"Two-way, Divided, Unprotected (painted >4 feet) Median",Not Applicable,ADH909000F,20150512,09:30:00,Yes,Y,N,1,Not Applicable,0,40,6.6,East,E,ORLEANS ST,5,U,E,1087,N WASHINGTON ST,39.2953507991832,-76.589287519455,Point,,NA,NA,NA,NA,N,N,NA,2015-05-12T09:30:00Z