crash_date,dotw,weekend,year,quarter,light_desc,county_desc,county_no,junction_desc,collision_type_desc,surf_cond_desc,rd_cond_desc,rd_div_desc,fix_obj_desc,report_no,acc_date,acc_time,signal_flag_desc,signal_flag,c_m_zone_flag,harm_event_code1,harm_event_desc2,harm_event_code2,rte_no,log_mile,logmile_dir_flag_desc,logmile_dir_flag,mainroad_name,distance,feet_miles_flag,distance_dir_flag,reference_no,reference_road_name,latitude,longitude,geocoded_column_type,geocoded_column_coordinates,report_type,weather_desc,feet_miles_flag_desc,reference_suffix,ped_injury,fatal_injury,harm_event_desc1,crash_datetime
2016-08-29,Mon,N,2016,Q3,Daylight,Baltimore City,24,Non Intersection,Same Direction Right Turn,Dry,No Defects,"Two-way, Divided, Unprotected (painted >4 feet) Median",Not Applicable,ADI012001R,20160829,10:40:00,No,N,N,1,Other Vehicle,1,40,6.643,East,E,ORLEANS ST,100,F,E,0,N CASTLE ST,39.2953757080472,-76.5884935855865,Point,,Property Damage Crash,NA,NA,NA,N,N,NA,2016-08-29T10:40:00Z
2016-07-14,Thu,N,2016,Q3,Daylight,Baltimore City,24,Non Intersection,Same Direction Right Turn,Dry,No Defects,One-way Trafficway,Not Applicable,BSPDA1120009,20160714,08:30:00,No,N,N,2,Parked Vehicle,2,1410,0.12,South,S,N PATTERSON PARK AVE,1,M,S,1,NORTH AVE,39.2935635650661,-76.5875253081322,Point,,Property Damage Crash,NA,NA,NA,N,N,NA,2016-07-14T08:30:00Z
2015-06-10,Wed,N,2015,Q2,Daylight,Baltimore City,24,Intersection,Same Movement Angle,Unknown,Unknown,"Two-way, Not Divided",Not Applicable,ADJ6230006,20150610,08:00:00,Yes,Y,N,1,Other Vehicle,1,1665,1.647,East,E,E BALTIMORE ST,0,F,E,1415,S PATTERSON PARK AVE,39.2918634707638,-76.5847170352936,Point,,NA,NA,NA,NA,N,N,NA,2015-06-10T08:00:00Z
2018-01-31,Wed,N,2018,Q1,Dark Lights On,Baltimore City,24,Intersection,Other,Dry,No Defects,"Two-way, Not Divided",Not Applicable,ADH364006J,20180131,20:02:00,No,N,N,1,Not Applicable,0,1390,0.085,West,W,E LOMBARD ST,0,F,W,0,S COLLINGTON AVE,39.2907009893595,-76.5861895680428,Point,,Property Damage Crash,Clear,NA,NA,N,N,NA,2018-01-31T20:02:00Z
2016-07-27,Wed,N,2016,Q3,Unknown,Baltimore City,24,NA,Unknown,NA,NA,NA,Not Applicable,ADH370001F,20160727,17:00:00,No,N,N,1,Not Applicable,0,NA,NA,NA,NA,NA,NA,NA,NA,NA,NA,39.2949854681605,-76.592364013195,Point,,Property Damage Crash,NA,NA,NA,N,N,NA,2016-07-27T17:00:00Z
2018-07-27,Fri,N,2018,Q3,Dark Lights On,Baltimore City,24,Not Applicable,Same Direction Rear End,Dry,No Defects,"Two-way, Not Divided",Not Applicable,ADJ8590013,20180727,23:07:00,Yes,Y,N,1,Not Applicable,0,1410,1.47,South,S,N PATTERSON PARK AVE,0,F,S,3005,FAIRMOUNT AVE,39.2930752332909,-76.5847780555487,Point,,Property Damage Crash,Clear,NA,NA,N,N,NA,2018-07-27T23:07:00Z
2017-03-29,Wed,N,2017,Q1,Daylight,Baltimore City,24,Intersection,Same Direction Rear End,Dry,No Defects,"Two-way, Not Divided",Not Applicable,ADJ575001N,20170329,18:28:00,Yes,Y,N,1,Not Applicable,0,40,6.7,East,E,ORLEANS ST,0,F,E,0,N CHESTER ST,39.2953757080472,-76.5878069400787,Point,,Injury Crash,Clear,NA,NA,N,N,NA,2017-03-29T18:28:00Z
2015-11-19,Thu,N,2015,Q4,Dark Lights On,Baltimore City,24,Not Applicable,Single Vehicle,Dry,No Defects,One-way Trafficway,Not Applicable,ADF6860016,20151119,00:05:00,No,N,N,3,Not Applicable,0,40,6.53,East,E,ORLEANS ST,25,M,W,1025,N WOLFE ST,39.2957576428514,-76.5917444229126,Point,,NA,NA,NA,NA,N,N,NA,2015-11-19T00:05:00Z
2016-03-24,Thu,N,2016,Q1,Unknown,Baltimore City,24,Non Intersection,Same Direction Right Turn,Unknown,No Defects,"Two-way, Not Divided",Not Applicable,ADJ484001J,20160324,18:05:00,No,N,N,1,Not Applicable,0,1390,0.045,West,W,E LOMBARD ST,100,F,E,0,S MADEIRA ST,39.2906968376057,-76.5853714942932,Point,,Property Damage Crash,Unknown,NA,NA,N,N,NA,2016-03-24T18:05:00Z
2017-11-30,Thu,N,2017,Q4,Dark Lights On,Baltimore City,24,Intersection,Same Movement Angle,Wet,No Defects,"Two-way, Not Divided",Not Applicable,ADJ862000Q,20171130,20:05:00,No,N,N,1,Other Vehicle,1,NA,0,NA,NA,1900 E LOMBARD,0,F,N,NA,100 S CHAPEL,39.290510008426,-76.5897166728973,Point,,Property Damage Crash,Raining,NA,NA,N,N,NA,2017-11-30T20:05:00Z
2015-11-24,Tue,N,2015,Q4,NA,Baltimore City,24,Non Intersection,Other,Dry,No Defects,"Two-way, Not Divided",Not Applicable,ADI997001H,20151124,17:30:00,No,N,N,2,Not Applicable,0,1390,0,West,W,E LOMBARD ST,200,F,E,1415,S PATTERSON PARK AVE,39.2907258998777,-76.5850389003754,Point,,NA,Not Applicable,NA,NA,N,N,NA,2015-11-24T17:30:00Z
2015-06-16,Tue,N,2015,Q2,Dark Lights On,Baltimore City,24,Not Applicable,Same Direction Sideswipe,Not Applicable,No Defects,One-way Trafficway,Not Applicable,ADH161000B,20150616,10:00:00,No,N,N,1,Parked Vehicle,2,NA,NA,NA,NA,100 S. REGISTER ST.,15,F,NA,NA,1600 E. LOMBARD ST.,39.2901778664314,-76.5925168991089,Point,,NA,Not Applicable,NA,NA,N,N,NA,2015-06-16T10:00:00Z
2015-08-11,Tue,N,2015,Q3,Dark Lights On,Baltimore City,24,Intersection,Same Movement Angle,Dry,No Defects,"Two-way, Not Divided",Not Applicable,ADJ028000M,20150811,23:20:00,Yes,Y,N,1,Not Applicable,0,1025,1.4,South,S,N WOLFE ST,0,F,S,40,ORLEANS ST,39.2953840109999,-76.5907144546509,Point,,NA,NA,NA,NA,N,N,NA,2015-08-11T23:20:00Z
2017-11-10,Fri,N,2017,Q4,Dark - Unknown Lighting,Baltimore City,24,Intersection,Single Vehicle,Dry,No Defects,"Two-way, Divided, Positive Median Barrier",Not Applicable,ADJ872000G,20171110,21:57:00,Yes,Y,N,1,Pedestrian,3,NA,0,NA,NA,ORLEANS STREET,0,F,N,NA,PATTERSON PARK AVE,39.2955459183803,-76.5848444402218,Point,,Injury Crash,Clear,NA,NA,Y,N,NA,2017-11-10T21:57:00Z
2018-05-21,Mon,N,2018,Q2,Daylight,Baltimore City,24,Intersection Related,Same Movement Angle,Dry,No Defects,"Two-way, Not Divided",Building,ADJ2320022,20180521,15:10:00,Yes,Y,N,1,Fixed Object,9,NA,0,NA,NA,2000 ORLEANS STREET,0,F,S,NA,300 N CASTLE STREET,39.295374670178,-76.5885150432587,Point,,Injury Crash,Clear,NA,NA,N,N,NA,2018-05-21T15:10:00Z
2015-01-23,Fri,N,2015,Q1,NA,Baltimore City,24,Intersection,Angle Meets Left Turn Head On,Wet,Not Applicable,One-way Trafficway,Not Applicable,ADI9730003,20150123,19:42:00,Yes,Y,N,1,Other Vehicle,1,1390,0,West,W,E LOMBARD ST,0,F,W,1415,S PATTERSON PARK AVE,39.2907175963726,-76.584609746933,Point,,NA,Raining,NA,NA,N,N,NA,2015-01-23T19:42:00Z
2016-09-14,Wed,N,2016,Q3,Daylight,Baltimore City,24,Intersection,Other,Dry,No Defects,"Two-way, Not Divided",Not Applicable,ADH845000K,20160914,14:50:00,No,N,N,1,Other Vehicle,1,1680,0.968,West,W,E FAYETTE ST,0,F,W,0,N CHESTER ST,39.2941593148409,-76.5875293314457,Point,,Property Damage Crash,NA,NA,NA,N,N,NA,2016-09-14T14:50:00Z
2017-10-23,Mon,N,2017,Q4,Daylight,Baltimore City,24,Non Intersection,Other,Dry,No Defects,"Two-way, Divided, Unprotected (painted >4 feet) Median",Not Applicable,ADG648003M,20171023,14:50:00,Yes,Y,N,1,Not Applicable,0,1415,0.08,South,S,S PATTERSON PARK AVE,50,F,N,1390,E LOMBARD ST,39.2908359212268,-76.584609746933,Point,,Property Damage Crash,Cloudy,NA,NA,N,N,NA,2017-10-23T14:50:00Z
2018-07-18,Wed,N,2018,Q3,Daylight,Baltimore City,24,Not Applicable,Same Direction Rear End,Dry,No Defects,"Two-way, Not Divided",Not Applicable,ADJ951000B,20180718,14:14:00,No,N,N,1,Not Applicable,0,1680,1.14,West,W,E FAYETTE ST,25,F,E,1025,N WOLFE ST,39.2940757648732,-76.5903121232986,Point,,Property Damage Crash,Clear,NA,NA,N,N,NA,2018-07-18T14:14:00Z
2015-07-28,Tue,N,2015,Q3,Daylight,Baltimore City,24,Intersection,Same Direction Right Turn,Dry,No Defects,Other,Not Applicable,ADG6480006,20150728,14:55:00,No,N,N,1,Other Vehicle,1,1665,1.266,East,E,E BALTIMORE ST,0,F,E,0,N ANN ST,39.2916247484786,-76.5917766094208,Point,,NA,NA,NA,NA,N,N,NA,2015-07-28T14:55:00Z
2017-08-28,Mon,N,2017,Q3,Dawn,Baltimore City,24,Non Intersection,Same Direction Rear End,Dry,No Defects,One-way Trafficway,Not Applicable,ADI151000V,20170828,04:47:00,No,N,N,2,Not Applicable,0,1087,0.257,North,N,N WASHINGTON ST,500,F,N,40,ORLEANS ST,39.295791892338,-76.5894444286823,Point,,Property Damage Crash,Not Applicable,NA,NA,N,N,NA,2017-08-28T04:47:00Z
2016-10-22,Sat,Y,2016,Q4,Daylight,Baltimore City,24,Non Intersection,Angle Meets Left Turn Head On,Dry,No Defects,"Two-way, Divided, Positive Median Barrier",Not Applicable,ADI0120023,20161022,16:09:00,Yes,Y,N,1,Other Vehicle,1,NA,0,NA,NA,1800 ORLEANS STEET,100,F,W,NA,600 N WOLFE ST,39.2951930428391,-76.5922808647156,Point,,Injury Crash,Clear,NA,NA,N,N,NA,2016-10-22T16:09:00Z
2019-01-12,Sat,Y,2019,Q1,Daylight,Baltimore City,24,Intersection,Not Applicable,Dry,No Defects,"Two-way, Divided, Positive Median Barrier",Not Applicable,ADH1540057,20190112,16:00:00,Yes,Y,N,1,Other Vehicle,1,NA,0,NA,NA,6500 EASTERN AVE,0,F,E,NA,400 KANE ST,39.2941276653227,-76.589310329677,Point,,Injury Crash,Not Applicable,NA,NA,N,N,NA,2019-01-12T16:00:00Z
2016-12-11,Sun,Y,2016,Q4,Dark Lights On,Baltimore City,24,Intersection Related,Same Movement Angle,Dry,No Defects,"Two-way, Not Divided",Not Applicable,ADJ484002W,20161211,22:30:00,Yes,Y,N,1,Not Applicable,0,1680,1.07,West,W,E FAYETTE ST,100,F,W,1087,N WASHINGTON ST,39.2941302539938,-76.5893089771271,Point,,Property Damage Crash,Not Applicable,NA,NA,N,N,NA,2016-12-11T22:30:00Z
2015-11-12,Thu,N,2015,Q4,Dark Lights On,Baltimore City,24,Non Intersection,Single Vehicle,Dry,"Holes, Ruts, Etc.","Two-way, Divided, Unprotected (painted >4 feet) Median",NA,ADI708000N,20151112,20:30:00,Yes,Y,N,9,Not Applicable,0,NA,0,NA,NA,BALTIMORE ST,10,F,E,NA,PATTERSON PARK,39.2918966842346,-76.584792137146,Point,,NA,NA,NA,NA,N,N,NA,2015-11-12T20:30:00Z
2015-12-10,Thu,N,2015,Q4,Not Applicable,Baltimore City,24,Non Intersection,Other,Dry,No Defects,"Two-way, Divided, Unprotected (painted >4 feet) Median",Not Applicable,ADI672000G,20151210,06:46:00,No,N,N,1,Not Applicable,0,1680,1.14,West,W,E FAYETTE ST,10,F,W,1025,N WOLFE ST,39.2940856248124,-76.5907198190689,Point,,NA,NA,NA,NA,N,N,NA,2015-12-10T06:46:00Z
2015-06-01,Mon,N,2015,Q2,Not Applicable,Baltimore City,24,Not Applicable,Same Direction Rear End,Dry,No Defects,"Two-way, Not Divided",Not Applicable,ADH444000N,20150601,09:10:00,No,N,N,2,Not Applicable,0,NA,NA,NA,NA,N CASTLE ST,5,F,NA,NA,ORLEANS ST,39.2950020741574,-76.5884721279144,Point,,NA,Not Applicable,NA,NA,N,N,NA,2015-06-01T09:10:00Z
2016-01-12,Tue,N,2016,Q1,Dark Lights On,Baltimore City,24,Not Applicable,Single Vehicle,Dry,No Defects,Other,Not Applicable,ADJ187000Y,20160112,19:30:00,No,N,N,3,Other Vehicle,1,NA,0,NA,NA,2000 ORLEANS,0,F,E,NA,400 WASHINGTON,39.2954797122978,-76.5896509587765,Point,,Injury Crash,NA,NA,NA,N,N,NA,2016-01-12T19:30:00Z
2019-03-31,Sun,Y,2019,Q1,Dark Lights On,Baltimore City,24,Intersection,Same Movement Angle,Dry,No Defects,"Two-way, Not Divided",Not Applicable,ADJ4730051,20190331,20:46:00,Yes,Y,N,1,Not Applicable,0,NA,0,NA,NA,1900 E. BALTIMORE ST,0,F,U,NA,UNIT N WOLFE ST,39.2916610867568,-76.5904657004376,Point,,Injury Crash,Clear,NA,NA,N,N,NA,2019-03-31T20:46:00Z
2016-02-03,Wed,N,2016,Q1,Dark Lights On,Baltimore City,24,Intersection Related,Same Movement Angle,Wet,No Defects,"Two-way, Not Divided",Not Applicable,ADH857000G,20160203,02:30:00,Yes,Y,N,1,Other Vehicle,1,1665,1.647,East,E,E BALTIMORE ST,30,F,E,1415,S PATTERSON PARK AVE,39.2918904567101,-76.5847237408161,Point,,Injury Crash,Raining,NA,NA,N,N,NA,2016-02-03T02:30:00Z
2017-07-31,Mon,N,2017,Q3,Daylight,Baltimore City,24,NA,Same Direction Rear End,Dry,No Defects,Other,Not Applicable,ADE4590059,20170731,19:15:00,No,N,N,1,Not Applicable,0,NA,0,NA,NA,1800 ORLEANS ST,500,F,S,NA,400 N WOLF ST,39.2958136874572,-76.5919402241707,Point,,Property Damage Crash,Clear,NA,NA,N,N,NA,2017-07-31T19:15:00Z
2016-09-23,Fri,N,2016,Q3,Daylight,Baltimore City,24,NA,Single Vehicle,NA,NA,NA,Other Pole,ADF9550044,20160923,16:47:00,No,N,N,9,Not Applicable,0,NA,NA,NA,NA,NA,NA,NA,NA,NA,NA,39.2955749786398,-76.5913367271423,Point,,Property Damage Crash,NA,NA,NA,N,N,NA,2016-09-23T16:47:00Z
2015-06-10,Wed,N,2015,Q2,Daylight,Baltimore City,24,Not Applicable,Same Direction Sideswipe,Not Applicable,Not Applicable,"Two-way, Divided, Positive Median Barrier",Not Applicable,ADJ519000H,20150610,17:00:00,No,N,N,1,Other Vehicle,1,NA,NA,NA,NA,1800 ORLEANS ST,100,F,NA,NA,300 N BROADWAY,39.2953362690085,-76.5920931100845,Point,,NA,Not Applicable,NA,NA,N,N,NA,2015-06-10T17:00:00Z
2016-07-21,Thu,N,2016,Q3,Daylight,Baltimore City,24,Intersection,Same Movement Angle,Dry,No Defects,"Two-way, Not Divided",Not Applicable,ADJ114001C,20160721,19:40:00,Yes,Y,N,1,Other Vehicle,1,40,6.84,East,E,ORLEANS ST,0,F,E,1410,N PATTERSON PARK AVE,39.295500252234,-76.5849235653877,Point,,Property Damage Crash,NA,NA,NA,N,N,NA,2016-07-21T19:40:00Z
2017-01-17,Tue,N,2017,Q1,Not Applicable,Baltimore City,24,Not Applicable,Same Direction Left Turn,Wet,No Defects,Not Applicable,Not Applicable,ADH885001N,20170117,18:30:00,No,N,N,0,Not Applicable,0,1310,1.009,East,E,HOLABIRD AVE,2,M,E,0,JOPLIN ST,39.2929356351649,-76.5924297273159,Point,,Injury Crash,Not Applicable,NA,NA,N,N,NA,2017-01-17T18:30:00Z
2015-03-09,Mon,N,2015,Q1,Daylight,Baltimore City,24,Not Applicable,Other,Snow,No Defects,"Two-way, Not Divided",Not Applicable,ADI4670008,20150309,10:30:00,No,N,N,1,Not Applicable,0,40,6.643,East,E,ORLEANS ST,0,F,E,NA,N CASTLE ST,39.2957327341233,-76.5885579586029,Point,,NA,NA,NA,NA,N,N,NA,2015-03-09T10:30:00Z
2017-10-26,Thu,N,2017,Q4,Daylight,Baltimore City,24,Non Intersection,Same Direction Rear End,Dry,No Defects,"Two-way, Not Divided",Not Applicable,MTA02750014,20171026,08:00:00,No,N,N,1,Not Applicable,0,NA,0,NA,NA,1900 ORLEANS STREET,0,U,E,NA,N. CHAPEL STREET,39.2953362690085,-76.5902128815651,Point,,Injury Crash,Clear,NA,NA,N,N,NA,2017-10-26T08:00:00Z
2018-02-22,Thu,N,2018,Q1,Daylight,Baltimore City,24,Intersection,Same Movement Angle,Dry,No Defects,"Two-way, Not Divided",Not Applicable,ADE4590078,20180222,10:50:00,Yes,Y,N,1,Not Applicable,0,NA,0,NA,NA,2000 JEFFERSON ST,0,F,E,NA,500 N CASTLE ST,39.2964882949322,-76.5885874629021,Point,,Injury Crash,Clear,NA,NA,N,N,NA,2018-02-22T10:50:00Z
2018-05-24,Thu,N,2018,Q2,Daylight,Baltimore City,24,Intersection,Same Direction Sideswipe,Dry,No Defects,"Two-way, Not Divided",Not Applicable,ADJ3800031,20180524,09:00:00,Yes,Y,N,1,Not Applicable,0,NA,0,NA,NA,ORLEANS ST,0,F,W,NA,N PATTERSON PARK,39.2955168581089,-76.5849208831787,Point,,Property Damage Crash,Clear,NA,NA,N,N,NA,2018-05-24T09:00:00Z
2018-12-03,Mon,N,2018,Q4,Daylight,Baltimore City,24,Intersection,Same Movement Angle,Dry,No Defects,"Two-way, Divided, Unprotected (painted >4 feet) Median",Not Applicable,ADE4590091,20181203,14:50:00,Yes,Y,N,1,Not Applicable,0,NA,0,NA,NA,2000 ORLEANS ST,0,F,N,NA,400 N WASHINGTON ST,39.2953351924141,-76.5894012470861,Point,,Injury Crash,Clear,NA,NA,N,N,NA,2018-12-03T14:50:00Z
2015-03-01,Sun,Y,2015,Q1,Dark Lights On,Baltimore,3,Non Intersection,Other,Wet,No Defects,"Two-way, Divided, Positive Median Barrier",Not Applicable,ADF1400005,20150301,19:50:00,No,N,N,2,Not Applicable,0,NA,NA,NA,NA,SOUTH BROADWAY,10,F,NA,NA,EAST LOMBARD  ST,39.2903688482708,-76.5903496742249,Point,,NA,Wintry Mix,NA,NA,N,N,NA,2015-03-01T19:50:00Z
2019-06-01,Sat,Y,2019,Q2,Daylight,Baltimore City,24,Intersection,Same Movement Angle,Dry,No Defects,"Two-way, Divided, Positive Median Barrier",Not Applicable,ADK124000P,20190601,11:15:00,Yes,Y,N,1,Not Applicable,0,NA,0,NA,NA,ORLEANS ST,0,F,W,NA,N. PATTERSON PARK,39.2955202876534,-76.5849230722341,Point,,Property Damage Crash,Not Applicable,NA,NA,N,N,NA,2019-06-01T11:15:00Z
2019-07-10,Wed,N,2019,Q3,Daylight,Baltimore City,24,Non Intersection,Same Direction Rear End,Not Applicable,"Holes, Ruts, Etc.",One-way Trafficway,Not Applicable,ADJ922001N,20190710,08:58:00,No,N,N,1,Other Vehicle,1,NA,0,NA,NA,S WASHINGTON AVE,30,F,N,NA,E LOMBARD ST,39.2911485138657,-76.5890847983013,Point,,Injury Crash,Not Applicable,NA,NA,N,N,NA,2019-07-10T08:58:00Z
2018-04-17,Tue,N,2018,Q2,Daylight,Baltimore City,24,Intersection Related,Same Movement Angle,Dry,No Defects,"Two-way, Not Divided",Not Applicable,ADJ8350012,20180417,17:30:00,Yes,Y,N,1,Not Applicable,0,1665,1.266,East,E,E BALTIMORE ST,0,F,W,0,N ANN ST,39.2916392794236,-76.5917980670929,Point,,Property Damage Crash,Clear,NA,NA,N,N,NA,2018-04-17T17:30:00Z
2016-01-21,Thu,N,2016,Q1,Daylight,Baltimore City,24,Intersection,Same Direction Sideswipe,Ice,No Defects,"Two-way, Divided, Unprotected (painted >4 feet) Median",Not Applicable,ADI0120007,20160121,12:00:00,Yes,Y,N,1,Other Vehicle,1,1680,0.968,West,W,E FAYETTE ST,0,F,W,0,N CHESTER ST,39.2942215880438,-76.5875494480133,Point,,Property Damage Crash,Not Applicable,NA,NA,N,N,NA,2016-01-21T12:00:00Z
2015-10-29,Thu,N,2015,Q4,Dark Lights On,Baltimore City,24,Intersection Related,Same Direction Rear End,Wet,No Defects,"Two-way, Not Divided",Not Applicable,ADF6860013,20151029,02:55:00,Yes,Y,N,1,Other Vehicle,1,40,6.6,East,E,ORLEANS ST,5,F,W,1087,N WASHINGTON ST,39.2953507991832,-76.5892767906189,Point,,NA,Raining,NA,NA,N,N,NA,2015-10-29T02:55:00Z
2015-09-23,Wed,N,2015,Q3,Daylight,Baltimore City,24,NA,Same Movement Angle,Dry,No Defects,"Two-way, Not Divided",Not Applicable,ADJ114000K,20150923,08:00:00,No,N,N,1,Not Applicable,0,NA,0,NA,NA,300 N CASTLE ST,0,F,S,NA,2000 ORLEANS ST,39.2951888913516,-76.5884667634964,Point,,NA,NA,NA,NA,N,N,NA,2015-09-23T08:00:00Z
2016-08-22,Mon,N,2016,Q3,Daylight,Baltimore City,24,Intersection,Other,Dry,No Defects,Other,Not Applicable,ADJ457002C,20160822,17:10:00,Yes,Y,N,1,Other Vehicle,1,NA,0,NA,NA,2300 E BALTIMORE ST,0,F,E,NA,UNIT BLK S PATTERSON PARK,39.2918800775012,-76.5846768021584,Point,,Property Damage Crash,NA,NA,NA,N,N,NA,2016-08-22T17:10:00Z
2015-05-04,Mon,N,2015,Q2,Daylight,Baltimore City,24,NA,Other,Dry,Not Applicable,Not Applicable,Not Applicable,ADF686000H,20150504,08:50:00,No,N,N,3,Not Applicable,0,1680,1.32,West,W,E FAYETTE ST,200,F,W,1445,N BROADWAY,39.2940223135993,-76.5923237800598,Point,,NA,NA,NA,NA,N,N,NA,2015-05-04T08:50:00Z
2018-03-13,Tue,N,2018,Q1,Daylight,Baltimore City,24,Non Intersection,Same Direction Rear End,Dry,No Defects,"Two-way, Divided, Unprotected (painted >4 feet) Median",Not Applicable,ADE459007B,20180313,17:15:00,Yes,Y,N,1,Not Applicable,0,NA,0,NA,NA,2200 ORLEANS ST,200,F,E,NA,400 N PATTERSON PARKAVE,39.2954836463552,-76.5852427482605,Point,,Property Damage Crash,Clear,NA,NA,N,N,NA,2018-03-13T17:15:00Z
2016-06-08,Wed,N,2016,Q2,Daylight,Baltimore City,24,Non Intersection,Other,Dry,No Defects,"Two-way, Not Divided",Not Applicable,ADI5770016,20160608,11:00:00,Yes,Y,N,1,Not Applicable,0,NA,0,NA,NA,ORLEANS ST,2,F,W,NA,CHESTER ST,39.2953840109999,-76.5877425670624,Point,,Property Damage Crash,NA,NA,NA,N,N,NA,2016-06-08T11:00:00Z
2015-03-06,Fri,N,2015,Q1,Daylight,Baltimore City,24,Intersection,Same Movement Angle,Dry,No Defects,"Two-way, Not Divided",Not Applicable,ADJ5480006,20150306,14:58:00,Yes,Y,N,1,Other Vehicle,1,40,6.643,East,E,ORLEANS ST,0,F,E,NA,N CASTLE ST,39.2953591021389,-76.5885150432587,Point,,NA,NA,NA,NA,N,N,NA,2015-03-06T14:58:00Z
2015-06-30,Tue,N,2015,Q2,Daylight,Baltimore City,24,NA,Other,Dry,No Defects,"Two-way, Not Divided",Not Applicable,ADJ498000J,20150630,17:35:00,Yes,Y,N,1,Not Applicable,0,1665,1.337,East,E,E BALTIMORE ST,20,F,E,1025,N WOLFE ST,39.291646544895,-76.590646058321,Point,,NA,Not Applicable,NA,NA,N,N,NA,2015-06-30T17:35:00Z
2016-12-22,Thu,N,2016,Q4,Daylight,Baltimore City,24,Non Intersection,Other,Not Applicable,No Defects,"Two-way, Divided, Unprotected (painted >4 feet) Median",Not Applicable,ADJ7700013,20161222,10:00:00,No,N,N,1,Parked Vehicle,2,40,6.643,East,E,ORLEANS ST,30,F,E,0,N CASTLE ST,39.2949107411255,-76.5885043144226,Point,,Property Damage Crash,Not Applicable,NA,NA,N,N,NA,2016-12-22T10:00:00Z
2016-10-27,Thu,N,2016,Q4,Dark Lights On,Baltimore City,24,Intersection,Not Applicable,Wet,No Defects,"Two-way, Not Divided",Not Applicable,ADJ763000Z,20161027,21:30:00,Yes,Y,N,3,Pedestrian,3,40,6.53,East,E,ORLEANS ST,0,F,E,1025,N WOLFE ST,39.2952978678179,-76.5906681865454,Point,,Injury Crash,Raining,NA,NA,Y,N,NA,2016-10-27T21:30:00Z
2017-03-21,Tue,N,2017,Q1,Dark Lights On,Baltimore City,24,Non Intersection,Same Direction Rear End,Dry,No Defects,"Two-way, Not Divided",Not Applicable,ADJ575001M,20170321,19:45:00,Yes,Y,N,1,Other Vehicle,1,40,6.643,East,E,ORLEANS ST,0,F,W,0,N CASTLE ST,39.2953777837854,-76.5886196494102,Point,,Injury Crash,Clear,NA,NA,N,N,NA,2017-03-21T19:45:00Z
2019-05-11,Sat,Y,2019,Q2,Daylight,Baltimore City,24,Intersection Related,Other,Dry,No Defects,"Two-way, Not Divided",Not Applicable,ADK055000X,20190511,13:20:00,No,N,N,1,Not Applicable,0,NA,0,NA,NA,ORLEANS ST,25,F,W,NA,N CASTLE ST,39.2953923621307,-76.5884828112489,Point,,Property Damage Crash,Clear,NA,NA,N,N,NA,2019-05-11T13:20:00Z
2016-07-01,Fri,N,2016,Q3,Daylight,Baltimore City,24,Non Intersection,Same Direction Rear End,Dry,No Defects,One-way Trafficway,Not Applicable,ADI703001X,20160701,15:30:00,No,N,N,1,Not Applicable,0,1087,0.257,North,N,N WASHINGTON ST,300,F,N,40,ORLEANS ST,39.2957524535338,-76.5894484519959,Point,,Property Damage Crash,NA,NA,NA,N,N,NA,2016-07-01T15:30:00Z
2015-03-06,Fri,N,2015,Q1,Dark Lights On,Baltimore City,24,Intersection Related,Same Direction Rear End,Ice,Not Applicable,"Two-way, Not Divided",Curb,ADJ2680004,20150306,22:00:00,No,N,N,2,Fixed Object,9,1665,1.683,East,E,E BALTIMORE ST,5,F,E,NA,N BRADFORD ST,39.2919506560912,-76.5840867161751,Point,,NA,NA,NA,NA,N,N,NA,2015-03-06T22:00:00Z
2015-09-24,Thu,N,2015,Q3,Daylight,Baltimore City,24,Not Applicable,Other,Dry,No Defects,"Two-way, Not Divided",Not Applicable,ADJ599001G,20150924,15:10:00,No,N,N,1,Not Applicable,0,1665,1.407,East,E,E BALTIMORE ST,10,F,W,1085,S WASHINGTON ST,39.2916724930008,-76.5893840789795,Point,,NA,NA,NA,NA,N,N,NA,2015-09-24T15:10:00Z
2015-01-27,Tue,N,2015,Q1,Dark Lights On,Baltimore City,24,Intersection Related,Same Direction Rear End Left Turn,Dry,No Defects,"Two-way, Not Divided",Not Applicable,ADF4360001,20150127,18:00:00,No,N,N,1,Not Applicable,0,1680,1.203,West,W,E FAYETTE ST,10,F,W,NA,N ANN ST,39.2940295788234,-76.5918771922588,Point,,NA,NA,NA,NA,N,N,NA,2015-01-27T18:00:00Z
2015-02-10,Tue,N,2015,Q1,Daylight,Baltimore City,24,Non Intersection,Other,Ice,No Defects,"Two-way, Divided, Unprotected (painted >4 feet) Median",Not Applicable,ADJ2450002,20150210,10:00:00,Yes,Y,N,5,Not Applicable,0,NA,NA,NA,NA,2100 E. BALTIMORE STREET,0,F,NA,NA,02 S. CHESTER STREET,39.291791,-76.58749,Point,,NA,NA,NA,NA,N,N,NA,2015-02-10T10:00:00Z