crash_date,dotw,weekend,year,quarter,light_desc,county_desc,county_no,junction_desc,collision_type_desc,surf_cond_desc,rd_cond_desc,rd_div_desc,fix_obj_desc,report_no,acc_date,acc_time,signal_flag_desc,signal_flag,c_m_zone_flag,harm_event_code1,harm_event_desc2,harm_event_code2,rte_no,log_mile,logmile_dir_flag_desc,logmile_dir_flag,mainroad_name,distance,feet_miles_flag,distance_dir_flag,reference_no,reference_road_name,latitude,longitude,geocoded_column_type,geocoded_column_coordinates,report_type,weather_desc,feet_miles_flag_desc,reference_suffix,ped_injury,fatal_injury,harm_event_desc1,crash_datetime
2019-01-12,Sat,Y,2019,Q1,Daylight,Baltimore City,24,Intersection,Head On Left Turn,Dry,No Defects,"Two-way, Not Divided",Not Applicable,ADK055000N,20190112,15:03:00,Yes,Y,N,1,Not Applicable,0,NA,0,NA,NA,ORLEANS ST,0,F,W,NA,N PATTERSON PARK,39.2955194569349,-76.5849422477984,Point,,Property Damage Crash,Clear,NA,NA,N,N,NA,2019-01-12T15:03:00Z
2016-06-07,Tue,N,2016,Q2,Daylight,Baltimore City,24,Intersection Related,Same Direction Rear End,Dry,Not Applicable,One-way Trafficway,Not Applicable,ADI5770015,20160607,13:00:00,Yes,Y,N,1,Other Vehicle,1,NA,0,NA,NA,2100 ORLEANS ST,2,F,S,NA,400 N COLLINGTON ST,39.2954670404725,-76.5864551067352,Point,,Injury Crash,Not Applicable,NA,NA,N,N,NA,2016-06-07T13:00:00Z
2019-03-09,Sat,Y,2019,Q1,Daylight,Baltimore City,24,Intersection Related,Head On Left Turn,Wet,Not Applicable,"Two-way, Not Divided",Fence,ADJ473004Y,20190309,07:05:00,Yes,Y,N,1,Fixed Object,9,NA,0,NA,NA,1900 E. FAYETTE ST,0,U,U,NA,200 N. WASHINGTON ST,39.2941466661809,-76.5893519511327,Point,,Injury Crash,Other,NA,NA,N,N,NA,2019-03-09T07:05:00Z
2019-04-10,Wed,N,2019,Q2,Daylight,Baltimore City,24,Not Applicable,Other,Not Applicable,No Defects,"Two-way, Not Divided",Not Applicable,ADJ833003F,20190410,16:47:00,No,N,N,3,Not Applicable,0,NA,0,NA,NA,JEFFERSON ST.,0,F,E,NA,N. BRADFORD ST.,39.2966518694463,-76.5842926428528,Point,,Injury Crash,Clear,NA,NA,N,N,NA,2019-04-10T16:47:00Z
2016-01-30,Sat,Y,2016,Q1,Daylight,Baltimore City,24,Not Applicable,Same Direction Sideswipe,Dry,No Defects,Not Applicable,Not Applicable,ADJ0280017,20160130,10:45:00,No,N,N,2,Not Applicable,0,1087,0.257,North,N,N WASHINGTON ST,10,F,N,40,ORLEANS ST,39.295522047444,-76.5893840789795,Point,,Property Damage Crash,NA,NA,NA,N,N,NA,2016-01-30T10:45:00Z
2015-02-10,Tue,N,2015,Q1,Daylight,Baltimore City,24,Non Intersection,Unknown,Dry,No Defects,"Two-way, Divided, Unprotected (painted >4 feet) Median",Not Applicable,ADJ6300002,20150210,16:00:00,No,N,N,2,Not Applicable,0,1680,1.07,West,W,E FAYETTE ST,100,F,W,1087,N WASHINGTON ST,39.294132329769,-76.5888918936253,Point,,NA,NA,NA,NA,N,N,NA,2015-02-10T16:00:00Z
2019-05-12,Sun,Y,2019,Q2,Other,Baltimore City,24,Intersection,Same Movement Angle,Wet,No Defects,"Two-way, Not Divided",Not Applicable,ADJ8920022,20190512,13:50:00,Yes,Y,N,1,Not Applicable,0,1680,0.784,West,W,E FAYETTE ST,0,F,W,0,N BRADFORD ST,39.2943415407998,-76.5841321867879,Point,,Injury Crash,Raining,NA,NA,N,N,NA,2019-05-12T13:50:00Z
2016-12-12,Mon,N,2016,Q4,Daylight,Baltimore City,24,Not Applicable,Single Vehicle,Dry,No Defects,Other,Other Pole,ADI865001J,20161212,15:20:00,No,N,N,9,Not Applicable,0,NA,0,NA,NA,1750 E. FAIRMOUNT AVE,250,F,W,NA,200 N.BROADWAY,39.2929356351649,-76.5924297273159,Point,,Property Damage Crash,Clear,NA,NA,N,N,NA,2016-12-12T15:20:00Z
2016-11-17,Thu,N,2016,Q4,Dark Lights On,Baltimore City,24,Intersection,Same Direction Rear End,Dry,No Defects,"Two-way, Not Divided",Not Applicable,ADJ4240037,20161117,18:22:00,Yes,Y,N,1,Other Vehicle,1,NA,0,NA,NA,2300 ORLEANS ST,0,F,W,NA,400 N MONTFORD AVE,39.295567713576,-76.5836066007614,Point,,Injury Crash,Clear,NA,NA,N,N,NA,2016-11-17T18:22:00Z
2016-08-27,Sat,Y,2016,Q3,Dark Lights On,Baltimore City,24,NA,Not Applicable,NA,NA,NA,Light Support Pole,ADJ2250002,20160827,00:05:00,No,N,N,9,Not Applicable,0,NA,NA,NA,NA,NA,NA,NA,NA,NA,NA,39.2953954275582,-76.5870894491673,Point,,Property Damage Crash,NA,NA,NA,N,N,NA,2016-08-27T00:05:00Z
2019-08-22,Thu,N,2019,Q3,Daylight,Baltimore City,24,Intersection,Same Movement Angle,Dry,No Defects,Not Applicable,Not Applicable,ADJ4570052,20190822,11:42:00,No,N,N,1,Other Vehicle,1,NA,0,NA,NA,1700 E LOMBARD ST,0,F,E,NA,100 S REGESTER ST,39.290546,-76.592391,Point,,Injury Crash,NA,NA,NA,N,N,NA,2019-08-22T11:42:00Z
2016-01-25,Mon,N,2016,Q1,Other,Baltimore City,24,NA,Same Direction Sideswipe,Dry,Not Applicable,Not Applicable,Not Applicable,ADI703001C,20160125,12:00:00,No,N,N,2,Not Applicable,0,40,6.53,East,E,ORLEANS ST,0,U,E,1025,N WOLFE ST,39.2951920049672,-76.5920823812485,Point,,Property Damage Crash,NA,NA,NA,N,N,NA,2016-01-25T12:00:00Z
2016-10-21,Fri,N,2016,Q4,Daylight,Baltimore City,24,Intersection,Other,Dry,No Defects,"Two-way, Not Divided",Building,ADI576001D,20161021,12:00:00,No,N,N,1,Other Vehicle,1,NA,0,NA,NA,100 N PATTERSON,0,F,U,NA,2300 E FAYETTE ST,39.29427970965,-76.5848310291767,Point,,Property Damage Crash,Not Applicable,NA,NA,N,N,NA,2016-10-21T12:00:00Z
2018-12-08,Sat,Y,2018,Q4,Dark Lights On,Baltimore City,24,Non Intersection,Head On,Dry,No Defects,"Two-way, Not Divided",Not Applicable,ADI6920028,20181208,18:55:00,No,N,N,1,Other Vehicle,1,NA,0,NA,NA,N CASTLE ST,100,F,E,NA,E FAYETTE ST,39.2947202454233,-76.588468706243,Point,,Injury Crash,Clear,NA,NA,N,N,NA,2018-12-08T18:55:00Z
2017-08-02,Wed,N,2017,Q3,Other,Baltimore City,24,Not Applicable,Same Direction Both Left Turn,Wet,No Defects,"Two-way, Not Divided",Not Applicable,ADJ6320031,20170802,17:49:00,No,N,N,1,Not Applicable,0,NA,0,NA,NA,2300 E BALTIMORE,5,F,W,NA,UNIT BLOCK OF N PATTERSON PARK,39.2918634707638,-76.5847063064575,Point,,Property Damage Crash,Other,NA,NA,N,N,NA,2017-08-02T17:49:00Z
2015-04-18,Sat,Y,2015,Q2,Dark Lights On,Baltimore City,24,NA,Other,NA,NA,NA,Not Applicable,ADJ5070008,20150418,19:55:00,No,N,N,1,Other Vehicle,1,NA,NA,NA,NA,NA,NA,NA,NA,NA,NA,39.2939974042539,-76.5918946266174,Point,,NA,NA,NA,NA,N,N,NA,2015-04-18T19:55:00Z
2016-05-10,Tue,N,2016,Q2,Daylight,Baltimore City,24,Intersection,Same Movement Angle,Dry,No Defects,"Two-way, Not Divided",Not Applicable,ADJ575000N,20160510,11:39:00,Yes,Y,N,1,Other Vehicle,1,40,6.84,East,E,ORLEANS ST,0,F,E,1410,N PATTERSON PARK AVE,39.295500252234,-76.5849208831787,Point,,Property Damage Crash,Not Applicable,NA,NA,N,N,NA,2016-05-10T11:39:00Z
2019-04-09,Tue,N,2019,Q2,Daylight,Baltimore City,24,Intersection,Opposite Direction Both Left Turn,Dry,No Defects,"Two-way, Divided, Unprotected (painted >4 feet) Median",Not Applicable,ADJ8110021,20190409,18:03:00,Yes,Y,N,1,Not Applicable,0,NA,0,NA,NA,EAST ORLEANS STREET,0,F,W,NA,NORTH PATTERSON  PARK,39.2955253164178,-76.5849368350184,Point,,Property Damage Crash,Clear,NA,NA,N,N,NA,2019-04-09T18:03:00Z
2016-07-19,Tue,N,2016,Q3,Unknown,Baltimore City,24,Non Intersection,Same Direction Sideswipe,Dry,No Defects,"Two-way, Not Divided",Not Applicable,ADJ446001M,20160719,09:24:00,No,N,N,2,Not Applicable,0,NA,0,NA,NA,500 N CHESTER ST,NA,F,N,NA,2100 JEFFERSON ST,39.2969200403048,-76.5885700285435,Point,,Property Damage Crash,NA,NA,NA,N,N,NA,2016-07-19T09:24:00Z
2016-06-28,Tue,N,2016,Q2,Daylight,Baltimore City,24,Non Intersection,Other,Dry,Unknown,Unknown,Not Applicable,ADJ4740030,20160628,16:32:00,No,N,N,1,Other Vehicle,1,NA,0,NA,NA,CHESTER,100,F,N,NA,JEFFERSON,39.2964882949322,-76.5876996517181,Point,,Property Damage Crash,Not Applicable,NA,NA,N,N,NA,2016-06-28T16:32:00Z
2018-10-17,Wed,N,2018,Q4,Daylight,Baltimore City,24,Non Intersection,Other,Not Applicable,No Defects,One-way Trafficway,Not Applicable,ADK005000J,20181017,12:21:00,No,N,N,1,Other Vehicle,1,NA,0,NA,NA,1800 BLK E. FAIRMOUNT AVE,5,F,E,NA,100 BLK S. WOLFE STREET,39.2927721592835,-76.5908329830918,Point,,Property Damage Crash,Not Applicable,NA,NA,N,N,NA,2018-10-17T12:21:00Z
2017-06-21,Wed,N,2017,Q2,Daylight,Baltimore City,24,Intersection,Same Direction Left Turn,Dry,No Defects,"Two-way, Not Divided",Not Applicable,ADF648000C,20170621,16:10:00,Yes,Y,N,3,Other Vehicle,1,NA,0,NA,NA,1800 ORLEANS ST,0,F,E,NA,300 N WOLF ST,39.2953009814288,-76.590646058321,Point,,Injury Crash,Clear,NA,NA,N,N,NA,2017-06-21T16:10:00Z
2018-09-10,Mon,N,2018,Q3,Daylight,Baltimore City,24,Intersection,Same Movement Angle,Wet,No Defects,"Two-way, Divided, Unprotected (painted >4 feet) Median",Not Applicable,ADJ216002H,20180910,17:50:00,Yes,Y,N,1,Pedestrian,3,40,6.911,East,E,ORLEANS ST,0,F,E,0,N MONTFORD AVE,39.2955903882735,-76.5835182378245,Point,,Injury Crash,Raining,NA,NA,Y,N,NA,2018-09-10T17:50:00Z
2017-05-05,Fri,N,2017,Q2,Daylight,Baltimore City,24,Not Applicable,Other,Wet,Not Applicable,"Two-way, Divided, Unprotected (painted >4 feet) Median",Not Applicable,ADJ6320028,20170505,16:04:00,No,N,N,1,Not Applicable,0,NA,0,NA,NA,1800 ORLEANS,5,F,W,NA,ANN ST,39.2953663672242,-76.5923814475536,Point,,Property Damage Crash,Other,NA,NA,N,N,NA,2017-05-05T16:04:00Z
2016-09-01,Thu,N,2016,Q3,Daylight,Baltimore City,24,Non Intersection,Same Direction Right Turn,Wet,No Defects,"Two-way, Not Divided",Not Applicable,ADJ548001S,20160901,09:03:00,No,N,N,1,Other Vehicle,1,1680,1.14,West,W,E FAYETTE ST,50,F,E,1025,N WOLFE ST,39.2940887384772,-76.5901780128479,Point,,Property Damage Crash,Raining,NA,NA,N,N,NA,2016-09-01T09:03:00Z
2018-04-24,Tue,N,2018,Q2,Other,Baltimore City,24,Intersection,Same Movement Angle,Wet,No Defects,"Two-way, Divided, Unprotected (painted >4 feet) Median",Not Applicable,ADJ892000K,20180424,18:04:00,Yes,Y,N,1,Not Applicable,0,1087,0.167,North,N,N WASHINGTON ST,0,F,N,1680,E FAYETTE ST,39.2941401139254,-76.5893230587244,Point,,Property Damage Crash,Raining,NA,NA,N,N,NA,2018-04-24T18:04:00Z
2016-08-09,Tue,N,2016,Q3,Daylight,Baltimore City,24,Non Intersection,Same Direction Rear End,Dry,No Defects,One-way Trafficway,Not Applicable,ADJ2680028,20160809,17:50:00,No,N,N,1,Parked Vehicle,2,1027,0.08,South,S,S WOLFE ST,50,F,N,1390,E LOMBARD ST,39.2909957632563,-76.5904475748539,Point,,Property Damage Crash,NA,NA,NA,N,N,NA,2016-08-09T17:50:00Z
2016-09-15,Thu,N,2016,Q3,Unknown,Baltimore City,24,Non Intersection,Unknown,Dry,No Defects,One-way Trafficway,Not Applicable,ADI668002K,20160915,20:20:00,No,N,N,2,Not Applicable,0,40,6.643,East,E,ORLEANS ST,0,U,E,0,N CASTLE ST,39.2953155116108,-76.5884774923325,Point,,Property Damage Crash,NA,NA,NA,N,N,NA,2016-09-15T20:20:00Z
2019-06-19,Wed,N,2019,Q2,Daylight,Baltimore City,24,Non Intersection,Same Direction Left Turn,Dry,No Defects,"Two-way, Divided, Unprotected (painted >4 feet) Median",Not Applicable,ADJ8750026,20190619,16:00:00,No,N,N,1,Other Vehicle,1,NA,0,NA,NA,S PATTERSON PARK AVE,20,F,S,NA,EAST LOMBARD ST,39.290612,-76.584738,Point,,Property Damage Crash,Clear,NA,NA,N,N,NA,2019-06-19T16:00:00Z
2015-10-19,Mon,N,2015,Q4,Not Applicable,Baltimore City,24,Non Intersection,Same Direction Rear End,Dry,No Defects,"Two-way, Divided, Positive Median Barrier",Not Applicable,ADJ389000V,20151019,18:10:00,Yes,Y,N,1,Not Applicable,0,40,6.53,East,E,ORLEANS ST,0,F,E,1025,N WOLFE ST,39.2951847398638,-76.5917551517487,Point,,NA,NA,NA,NA,N,N,NA,2015-10-19T18:10:00Z
2017-01-07,Sat,Y,2017,Q1,Dark Lights On,Baltimore City,24,Intersection Related,Same Direction Rear End,Other,No Defects,"Two-way, Not Divided",Not Applicable,ADJ484002X,20170107,21:00:00,Yes,Y,N,1,Other Vehicle,1,1390,0,West,W,E LOMBARD ST,100,F,E,1415,S PATTERSON PARK AVE,39.2907425068849,-76.584609746933,Point,,Property Damage Crash,Not Applicable,NA,NA,N,N,NA,2017-01-07T21:00:00Z
2019-09-19,Thu,N,2019,Q3,Dark Lights On,Baltimore City,24,Intersection,Same Movement Angle,Dry,No Defects,"Two-way, Divided, Unprotected (painted >4 feet) Median",Not Applicable,ADK0050025,20190919,18:38:00,Yes,Y,N,1,Other Vehicle,1,NA,0,NA,NA,100 BLK N PATTERSON PARK AVENUE,0,F,S,NA,2300 BLK E FAYETTE STREET,39.2931749,-76.584906,Point,,Property Damage Crash,NA,NA,NA,N,N,NA,2019-09-19T18:38:00Z
2018-06-29,Fri,N,2018,Q2,Daylight,Baltimore City,24,Intersection,Opposite Direction Sideswipe,Dry,No Defects,"Two-way, Not Divided",Not Applicable,ADJ3800038,20180629,08:00:00,Yes,Y,N,1,Not Applicable,0,NA,0,NA,NA,JEFFERSON ST,0,F,W,NA,N WASHINGTON ST,39.2964556025659,-76.5894786268473,Point,,Property Damage Crash,Clear,NA,NA,N,N,NA,2018-06-29T08:00:00Z
2016-11-26,Sat,Y,2016,Q4,Dark Lights On,Baltimore City,24,Intersection,Same Movement Angle,Dry,No Defects,"Two-way, Not Divided",Not Applicable,ADJ776000B,20161126,18:40:00,Yes,Y,N,1,Other Vehicle,1,NA,0,NA,NA,WOLFE,0,F,U,NA,ORLEANS,39.2952750346676,-76.5906782448292,Point,,Property Damage Crash,Clear,NA,NA,N,N,NA,2016-11-26T18:40:00Z
2019-04-19,Fri,N,2019,Q2,Daylight,Baltimore City,24,Non Intersection,Other,Dry,No Defects,"Two-way, Not Divided",Not Applicable,ADH150008Q,20190419,07:38:00,No,N,N,1,Not Applicable,0,1680,1.07,West,W,E FAYETTE ST,50,F,E,1087,N WASHINGTON ST,39.2941532933073,-76.5890809843062,Point,,Property Damage Crash,Clear,NA,NA,N,N,NA,2019-04-19T07:38:00Z
2016-08-26,Fri,N,2016,Q3,Dark Lights On,Baltimore City,24,Intersection,Same Movement Angle,Dry,No Defects,"Two-way, Not Divided",Not Applicable,ADI9970028,20160826,02:00:00,Yes,Y,N,1,Not Applicable,0,1680,1.07,West,W,E FAYETTE ST,0,F,W,1087,N WASHINGTON ST,39.2941468601936,-76.5893626213074,Point,,Property Damage Crash,NA,NA,NA,N,N,NA,2016-08-26T02:00:00Z
2018-03-05,Mon,N,2018,Q1,Daylight,Baltimore City,24,Intersection Related,Same Movement Angle,Dry,No Defects,"Two-way, Divided, Unprotected (painted >4 feet) Median",Not Applicable,ADJ281002M,20180305,07:33:00,Yes,Y,N,1,Not Applicable,0,NA,0,NA,NA,2200 ORLEANS STREET,0,U,U,NA,400 PATTERSON PARK AVENUE,39.2955459183803,-76.5850053727627,Point,,Property Damage Crash,Clear,NA,NA,N,N,NA,2018-03-05T07:33:00Z
2015-10-26,Mon,N,2015,Q4,Dark Lights On,Baltimore City,24,Intersection,Same Movement Angle,Wet,No Defects,One-way Trafficway,Not Applicable,ADH857000B,20151026,06:00:00,Yes,Y,N,1,Other Vehicle,1,1390,0.24,West,W,E LOMBARD ST,0,F,W,1085,S WASHINGTON ST,39.2904684907628,-76.5890836715698,Point,,NA,NA,NA,NA,N,N,NA,2015-10-26T06:00:00Z
2019-07-07,Sun,Y,2019,Q3,NA,Baltimore City,24,Non Intersection,Same Direction Rear End,Dry,No Defects,One-way Trafficway,Not Applicable,ADI3670017,20190707,20:30:00,No,N,N,1,Not Applicable,0,NA,0,NA,NA,UNIT S WASHINGTON ST,5,F,N,NA,1900 E BALTIMORE ST,39.2917089554546,-76.5891873621943,Point,,Property Damage Crash,NA,NA,NA,N,N,NA,2019-07-07T20:30:00Z
2016-07-16,Sat,Y,2016,Q3,Dark Lights On,Baltimore City,24,NA,Same Direction Rear End,Dry,No Defects,"Two-way, Divided, Unprotected (painted >4 feet) Median",Not Applicable,ADI945001Y,20160716,23:11:00,Yes,Y,N,1,Not Applicable,0,NA,0,NA,NA,1900 E. FAYETTE ST.,0,U,U,NA,200 N. WOLFE ST.,39.2940223135993,-76.5908217430115,Point,,Property Damage Crash,NA,NA,NA,N,N,NA,2016-07-16T23:11:00Z
2017-02-24,Fri,N,2017,Q1,Dark Lights On,Baltimore City,24,Non Intersection,Single Vehicle,Dry,No Defects,"Two-way, Not Divided",Building,ADI151000H,20170224,03:21:00,No,N,N,9,Not Applicable,0,1680,0.968,West,W,E FAYETTE ST,100,F,E,0,N CHESTER ST,39.2940887384772,-76.5873040258884,Point,,Property Damage Crash,Clear,NA,NA,N,N,NA,2017-02-24T03:21:00Z
2015-05-12,Tue,N,2015,Q2,Daylight,Baltimore City,24,Non Intersection,Other,Dry,No Defects,One-way Trafficway,Not Applicable,ADJ5860009,20150512,17:07:00,No,N,N,1,Other Vehicle,1,NA,NA,NA,NA,UNIT BLOCK NORTH CHESTER STREET,15,F,NA,NA,2200 BLK E. BALTIMORE ST.,39.2924945240157,-76.5874207019806,Point,,NA,NA,NA,NA,N,N,NA,2015-05-12T17:07:00Z
2019-03-19,Tue,N,2019,Q1,Daylight,Baltimore City,24,Not Applicable,Other,Dry,No Defects,One-way Trafficway,Not Applicable,ADJ892001Z,20190319,08:20:00,No,N,N,1,Not Applicable,0,NA,0,NA,NA,NORTH CHESTER ST,100,F,S,NA,EAST FAYETTE ST,39.2935284648845,-76.5875606640353,Point,,Property Damage Crash,Clear,NA,NA,N,N,NA,2019-03-19T08:20:00Z
2015-03-03,Tue,N,2015,Q1,Daylight,Baltimore City,24,Not Applicable,Same Direction Left Turn,Wet,No Defects,"Two-way, Divided, Unprotected (painted >4 feet) Median",Not Applicable,ADJ2450004,20150303,16:11:00,No,N,N,1,Other Vehicle,1,1680,0.938,West,W,E FAYETTE ST,0,F,W,NA,N DUNCAN ST,39.2941925272227,-76.5871497988701,Point,,NA,NA,NA,NA,N,N,NA,2015-03-03T16:11:00Z
2016-01-27,Wed,N,2016,Q1,Dark Lights On,Baltimore City,24,Non Intersection,Same Movement Angle,Snow,Other,One-way Trafficway,Not Applicable,ADI708000S,20160127,01:00:00,No,N,N,2,Not Applicable,0,NA,0,NA,NA,100  N COLLINGTON AVE,150,F,N,NA,2200 FAYETTE ST.,39.2936735819566,-76.5863478183746,Point,,Property Damage Crash,Blowing Snow,NA,NA,N,N,NA,2016-01-27T01:00:00Z
2017-06-28,Wed,N,2017,Q2,Daylight,Baltimore City,24,Non Intersection,Same Direction Left Turn,Dry,No Defects,One-way Trafficway,Not Applicable,ADE459004X,20170628,14:30:00,Yes,Y,N,1,Not Applicable,0,NA,0,NA,NA,400 N WOLF ST,30,F,S,NA,1900 JEFFERSON ST,39.2964882949322,-76.590735912323,Point,,Property Damage Crash,Clear,NA,NA,N,N,NA,2017-06-28T14:30:00Z
2015-08-03,Mon,N,2015,Q3,Daylight,Baltimore City,24,Intersection Related,Same Movement Angle,Dry,Not Applicable,"Two-way, Not Divided",Not Applicable,ADJ282000H,20150803,10:00:00,Yes,Y,N,1,Not Applicable,0,NA,0,NA,NA,2200 ORLEANS ST.,10,F,S,NA,400 CHESTER,39.2953674050935,-76.5874421596527,Point,,NA,NA,NA,NA,N,N,NA,2015-08-03T10:00:00Z
2016-11-09,Wed,N,2016,Q4,Daylight,Baltimore City,24,Intersection,Same Movement Angle,Wet,No Defects,"Two-way, Not Divided",Not Applicable,ADJ524001G,20161109,07:00:00,Yes,Y,N,1,Not Applicable,0,1410,1.214,South,S,N PATTERSON PARK AVE,0,F,S,0,JEFFERSON ST,39.2966299616761,-76.5850053727627,Point,,Injury Crash,Raining,NA,NA,N,N,NA,2016-11-09T07:00:00Z
2017-10-29,Sun,Y,2017,Q4,Dark Lights On,Baltimore City,24,Non Intersection,Same Movement Angle,Wet,No Defects,"Two-way, Not Divided",Not Applicable,ADJ818000W,20171029,23:38:00,No,N,N,1,Not Applicable,0,NA,0,NA,NA,N CHESTER,10,F,E,NA,ORLEANS STREET,39.2953892003448,-76.5876393020153,Point,,Property Damage Crash,Raining,NA,NA,N,N,NA,2017-10-29T23:38:00Z
2015-05-19,Tue,N,2015,Q2,Daylight,Baltimore City,24,Non Intersection,Same Direction Rear End,Dry,No Defects,"Two-way, Divided, Unprotected (painted >4 feet) Median",Not Applicable,ADI668000V,20150519,19:30:00,Yes,Y,N,1,Not Applicable,0,40,6.6,East,E,ORLEANS ST,20,F,E,1087,N WASHINGTON ST,39.2953528749223,-76.5892794728279,Point,,NA,NA,NA,NA,N,N,NA,2015-05-19T19:30:00Z
2018-10-05,Fri,N,2018,Q4,Dark Lights On,Baltimore City,24,Intersection,Single Vehicle,Dry,No Defects,"Two-way, Not Divided",Not Applicable,ADJ9270015,20181005,18:53:00,Yes,Y,N,3,Not Applicable,0,NA,0,NA,NA,PATTERSON PARK,0,F,S,NA,ORLEANS ST,39.2955400949815,-76.5849599883085,Point,,Injury Crash,Not Applicable,NA,NA,N,N,NA,2018-10-05T18:53:00Z
2016-06-10,Fri,N,2016,Q2,Daylight,Baltimore City,24,Intersection Related,Same Direction Rear End,Dry,No Defects,One-way Trafficway,Not Applicable,ADH3640036,20160610,13:40:00,Yes,Y,N,1,Not Applicable,0,1085,0.56,North,N,S WASHINGTON ST,25,F,S,1665,E BALTIMORE ST,39.2916828722404,-76.589163467288,Point,,Property Damage Crash,NA,NA,NA,N,N,NA,2016-06-10T13:40:00Z
2018-11-15,Thu,N,2018,Q4,Dark Lights On,Baltimore City,24,Intersection,Single Vehicle,Dry,No Defects,"Two-way, Not Divided",Not Applicable,ADI151001F,20181115,01:03:00,Yes,Y,N,3,Not Applicable,0,40,6.84,East,E,ORLEANS ST,0,F,E,1410,N PATTERSON PARK AVE,39.295523641686,-76.5850089806715,Point,,Injury Crash,Clear,NA,NA,N,N,NA,2018-11-15T01:03:00Z
2019-08-16,Fri,N,2019,Q3,Daylight,Baltimore City,24,Non Intersection,Same Direction Rear End,Dry,No Defects,"Two-way, Not Divided",Not Applicable,ADJ473005G,20190816,18:23:00,No,N,N,2,Not Applicable,0,NA,0,NA,NA,200 N. CASTLE ST.,0,U,U,NA,1900 BLK E. FAYETTE ST.,39.2946660023744,-76.588462646259,Point,,Property Damage Crash,NA,NA,NA,N,N,NA,2019-08-16T18:23:00Z
2015-07-18,Sat,Y,2015,Q3,Dark Lights On,Baltimore City,24,Non Intersection,Same Movement Angle,Dry,No Defects,"Two-way, Not Divided",Light Support Pole,ADJ195000G,20150718,04:34:00,No,N,N,1,Fixed Object,9,40,6.643,East,E,ORLEANS ST,30,F,E,0,N CASTLE ST,39.2953840109999,-76.5886330604553,Point,,NA,NA,NA,NA,N,N,NA,2015-07-18T04:34:00Z
2017-07-06,Thu,N,2017,Q3,Dark Lights On,Baltimore City,24,Intersection,Single Vehicle,Wet,No Defects,"Two-way, Not Divided",Not Applicable,ADF0510062,20170706,21:30:00,Yes,Y,N,3,Pedestrian,3,40,6.53,East,E,ORLEANS ST,0,F,E,1025,N WOLFE ST,39.2953417421163,-76.5905857086182,Point,,Injury Crash,Raining,NA,NA,Y,N,NA,2017-07-06T21:30:00Z
2018-04-10,Tue,N,2018,Q2,Daylight,Baltimore City,24,Not Applicable,Head On Left Turn,Dry,No Defects,"Two-way, Not Divided",Not Applicable,ADJ9940007,20180410,14:30:00,No,N,N,1,Not Applicable,0,40,6.721,East,E,ORLEANS ST,0,F,E,0,N DUNCAN ST,39.2954421316411,-76.5870317816734,Point,,Property Damage Crash,Clear,NA,NA,N,N,NA,2018-04-10T14:30:00Z
2016-07-20,Wed,N,2016,Q3,Dark No Lights,Baltimore City,24,Non Intersection,Same Direction Rear End,Dry,No Defects,"Two-way, Divided, Unprotected (painted >4 feet) Median",Not Applicable,ADI262000N,20160720,23:55:00,No,N,N,0,Not Applicable,0,1665,1.721,East,E,E BALTIMORE ST,0,U,E,0,N MONTFORD AVE,39.291938201051,-76.5839660167694,Point,,Injury Crash,NA,NA,NA,N,N,NA,2016-07-20T23:55:00Z
2016-09-10,Sat,Y,2016,Q3,Dark Lights On,Baltimore City,24,Intersection Related,Same Direction Sideswipe,Dry,No Defects,"Two-way, Not Divided",Not Applicable,ADF5490013,20160910,02:00:00,Yes,Y,N,1,Other Vehicle,1,40,6.7,East,E,ORLEANS ST,25,F,W,0,N CHESTER ST,39.2954026926398,-76.5876983106136,Point,,Property Damage Crash,Not Applicable,NA,NA,N,N,NA,2016-09-10T02:00:00Z
2016-09-19,Mon,N,2016,Q3,Daylight,Baltimore City,24,Non Intersection,Same Direction Right Turn,Wet,No Defects,"Two-way, Not Divided",Curb,ADI137001B,20160919,07:52:00,No,N,N,1,Not Applicable,0,40,6.911,East,E,ORLEANS ST,10,F,E,0,N MONTFORD AVE,39.2955583727787,-76.5835690498352,Point,,Property Damage Crash,Raining,NA,NA,N,N,NA,2016-09-19T07:52:00Z
2015-02-13,Fri,N,2015,Q1,Daylight,Baltimore City,24,Intersection,Same Movement Angle,Dry,No Defects,"Two-way, Divided, Unprotected (painted >4 feet) Median",Curb,ADJ5480001,20150213,14:08:00,Yes,Y,N,0,Not Applicable,0,1680,0.905,West,W,E FAYETTE ST,0,F,W,NA,N COLLINGTON AVE,39.294238194222,-76.5863746404648,Point,,NA,NA,NA,NA,N,N,NA,2015-02-13T14:08:00Z
2019-01-11,Fri,N,2019,Q1,Dusk,Baltimore City,24,Non Intersection,Same Direction Rear End,Dry,No Defects,One-way Trafficway,NA,BSPDA1770011,20190111,16:47:00,No,N,N,1,Other Vehicle,1,467,0.51,North,N,THE ALAMEDA,300,F,N,1101,ARGONNE DR,39.2948914171973,-76.5884816797623,Point,,Property Damage Crash,Clear,NA,NA,N,N,NA,2019-01-11T16:47:00Z