crash_date,dotw,weekend,year,quarter,light_desc,county_desc,county_no,junction_desc,collision_type_desc,surf_cond_desc,rd_cond_desc,rd_div_desc,fix_obj_desc,report_no,acc_date,acc_time,signal_flag_desc,signal_flag,c_m_zone_flag,harm_event_code1,harm_event_desc2,harm_event_code2,rte_no,log_mile,logmile_dir_flag_desc,logmile_dir_flag,mainroad_name,distance,feet_miles_flag,distance_dir_flag,reference_no,reference_road_name,latitude,longitude,geocoded_column_type,geocoded_column_coordinates,report_type,weather_desc,feet_miles_flag_desc,reference_suffix,ped_injury,fatal_injury,harm_event_desc1,crash_datetime
2016-12-14,Wed,N,2016,Q4,Dark Lights On,Baltimore City,24,NA,Single Vehicle,Dry,No Defects,Other,Other Pole,ADI3920017,20161214,03:30:00,No,N,N,9,Fixed Object,9,40,6.53,East,E,ORLEANS ST,3,F,W,1025,N WOLFE ST,39.2958655805706,-76.5917551517487,Point,,Injury Crash,Clear,NA,NA,N,N,NA,2016-12-14T03:30:00Z
2016-03-01,Tue,N,2016,Q1,Daylight,Baltimore City,24,Intersection,Same Movement Angle,Dry,No Defects,One-way Trafficway,Not Applicable,ADJ663001W,20160301,07:00:00,Yes,Y,N,1,Other Vehicle,1,NA,0,NA,NA,FAYETTE,0,F,N,NA,WASHGINGTON,39.294147898081,-76.5893223881722,Point,,Property Damage Crash,Not Applicable,NA,NA,N,N,NA,2016-03-01T07:00:00Z
2018-04-21,Sat,Y,2018,Q2,Dark Lights On,Baltimore City,24,Intersection,Same Movement Angle,Dry,No Defects,"Two-way, Not Divided",Not Applicable,ADJ859000S,20180421,21:40:00,Yes,Y,N,1,Not Applicable,0,1680,1.07,West,W,E FAYETTE ST,0,F,W,1087,N WASHINGTON ST,39.2941468601936,-76.589298248291,Point,,Property Damage Crash,Clear,NA,NA,N,N,NA,2018-04-21T21:40:00Z
2016-02-22,Mon,N,2016,Q1,Dark Lights On,Baltimore City,24,Intersection Related,Same Movement Angle,Dry,No Defects,"Two-way, Not Divided",Not Applicable,ADH0810006,20160222,22:55:00,No,N,N,1,Other Vehicle,1,144,3.37,East,E,PRATT ST,0,U,E,144,PRATT ST (EB COUPLET),39.294308770435,-76.5848685801029,Point,,Injury Crash,NA,NA,NA,N,N,NA,2016-02-22T22:55:00Z
2017-08-24,Thu,N,2017,Q3,Dark Lights On,Baltimore City,24,Non Intersection,Opposite Direction Sideswipe,Dry,No Defects,"Two-way, Not Divided",Not Applicable,ADH9910063,20170824,23:37:00,No,N,N,2,Parked Vehicle,2,NA,0,NA,NA,N. MONTFORD AVE.,100,F,N,NA,JEFFERSON ST.,39.2963762067558,-76.5835797786713,Point,,Property Damage Crash,Clear,NA,NA,N,N,NA,2017-08-24T23:37:00Z
2015-09-01,Tue,N,2015,Q3,Daylight,Baltimore City,24,Intersection,Same Movement Angle,Dry,No Defects,"Two-way, Divided, Unprotected (painted >4 feet) Median",Not Applicable,ADG648000D,20150901,11:01:00,Yes,Y,Y,1,Not Applicable,0,1665,1.647,East,E,E BALTIMORE ST,0,F,E,1410,N PATTERSON PARK AVE,39.2918946083932,-76.5847170352936,Point,,NA,NA,NA,NA,N,N,NA,2015-09-01T11:01:00Z
2018-09-19,Wed,N,2018,Q3,Daylight,Baltimore City,24,Intersection,Same Movement Angle,Dry,No Defects,"Two-way, Not Divided",Not Applicable,ADJ8380023,20180919,12:53:00,Yes,Y,N,1,Not Applicable,0,NA,0,NA,NA,N COLLINGTON,0,F,N,NA,E BALTIMORE,39.2918332135009,-76.586248280183,Point,,Injury Crash,Clear,NA,NA,N,N,NA,2018-09-19T12:53:00Z
2015-11-06,Fri,N,2015,Q4,Daylight,Baltimore City,24,Intersection,Single Vehicle,Dry,No Defects,One-way Trafficway,Not Applicable,ADJ738000F,20151106,12:15:00,Yes,Y,N,3,Not Applicable,0,NA,0,NA,NA,N. WOLFE ST,0,F,S,NA,ORLEANS ST,39.2952668858401,-76.5907064080238,Point,,NA,NA,NA,NA,N,N,NA,2015-11-06T12:15:00Z
2016-09-30,Fri,N,2016,Q3,Unknown,Baltimore City,24,Non Intersection,Unknown,Not Applicable,Not Applicable,Not Applicable,Not Applicable,ADI012001Z,20160930,19:00:00,No,N,N,1,Other Vehicle,1,NA,0,NA,NA,1800 ORLEANS STREET,100,F,U,NA,400 N WOLFE STREET,39.2949771651605,-76.5920555591583,Point,,Property Damage Crash,Unknown,NA,NA,N,N,NA,2016-09-30T19:00:00Z
2017-12-29,Fri,N,2017,Q4,Dark Lights On,Baltimore City,24,Non Intersection,Other,Dry,No Defects,"Two-way, Not Divided",Not Applicable,ADI5220015,20171229,07:04:00,No,N,N,2,Not Applicable,0,NA,0,NA,NA,400 N PATTERSON PARK AVE,0,F,S,NA,2300 ORLEANS ST,39.2955739407736,-76.5850080549717,Point,,Property Damage Crash,Clear,NA,NA,N,N,NA,2017-12-29T07:04:00Z
2017-02-21,Tue,N,2017,Q1,Daylight,Baltimore City,24,Intersection Related,Same Direction Right Turn,Dry,No Defects,One-way Trafficway,Not Applicable,ADH5090016,20170221,08:35:00,Yes,Y,N,1,Other Vehicle,1,1665,1.5,East,E,E BALTIMORE ST,50,F,W,0,N CHESTER ST,39.2918479019439,-76.5874247252941,Point,,Property Damage Crash,Clear,NA,NA,N,N,NA,2017-02-21T08:35:00Z
2015-03-16,Mon,N,2015,Q1,Daylight,Baltimore City,24,Non Intersection,Same Direction Sideswipe,Dry,No Defects,One-way Trafficway,Not Applicable,ADJ503000B,20150316,10:30:00,No,N,Y,1,Unknown,99,1027,0.08,South,S,S WOLFE ST,20,F,S,1390,E LOMBARD ST,39.2907009893595,-76.5903496742249,Point,,NA,NA,NA,NA,N,N,NA,2015-03-16T10:30:00Z
2016-10-09,Sun,Y,2016,Q4,Daylight,Baltimore City,24,Intersection,Same Movement Angle,Dry,No Defects,One-way Trafficway,Not Applicable,ADI577001S,20161009,14:00:00,Yes,Y,N,1,Not Applicable,0,1085,0.48,North,N,S WASHINGTON ST,0,F,N,1390,E LOMBARD ST,39.290573322815,-76.5890635550022,Point,,Property Damage Crash,Clear,NA,NA,N,N,NA,2016-10-09T14:00:00Z
2018-04-29,Sun,Y,2018,Q2,Daylight,Baltimore City,24,Non Intersection,Other,Dry,No Defects,"Two-way, Not Divided",Not Applicable,ADJ879000B,20180429,14:40:00,No,N,N,2,Not Applicable,0,1410,1.38,South,S,N PATTERSON PARK AVE,0,F,N,1680,E FAYETTE ST,39.2942791907073,-76.5848726034164,Point,,Property Damage Crash,Clear,NA,NA,N,N,NA,2018-04-29T14:40:00Z
2017-07-16,Sun,Y,2017,Q3,Daylight,Baltimore City,24,Intersection,Same Movement Angle,Dry,No Defects,One-way Trafficway,Not Applicable,ADJ133002N,20170716,13:30:00,Yes,Y,N,1,Not Applicable,0,1665,1.407,East,E,E BALTIMORE ST,0,F,E,1085,S WASHINGTON ST,39.2917119341032,-76.5891467034817,Point,,Injury Crash,Clear,NA,NA,N,N,NA,2017-07-16T13:30:00Z
2018-10-05,Fri,N,2018,Q4,Daylight,Baltimore City,24,Intersection,Same Direction Rear End,Dry,No Defects,"Two-way, Not Divided",Not Applicable,ADK056000L,20181005,16:40:00,Yes,Y,N,1,Not Applicable,0,1025,1.4,South,S,N WOLFE ST,0,F,S,40,ORLEANS ST,39.2953956285252,-76.590703732232,Point,,Property Damage Crash,Clear,NA,NA,N,N,NA,2018-10-05T16:40:00Z
2018-10-27,Sat,Y,2018,Q4,Dark Lights On,Baltimore City,24,Non Intersection,Same Direction Rear End,Wet,No Defects,One-way Trafficway,Not Applicable,ADF784008T,20181027,01:56:00,No,N,N,2,Not Applicable,0,1085,0.56,North,N,S WASHINGTON ST,114.9,F,S,1665,E BALTIMORE ST,39.2913344291359,-76.5891445100436,Point,,Property Damage Crash,Raining,NA,NA,N,N,NA,2018-10-27T01:56:00Z
2016-04-04,Mon,N,2016,Q2,Daylight,Baltimore City,24,Non Intersection,Unknown,Dry,No Defects,"Two-way, Divided, Unprotected (painted >4 feet) Median",Not Applicable,ADI5770008,20160404,07:07:00,No,N,N,2,Not Applicable,0,1680,0.83,West,W,E FAYETTE ST,100,F,E,1410,N PATTERSON PARK AVE,39.2943295281312,-76.5845239162445,Point,,Property Damage Crash,NA,NA,NA,N,N,NA,2016-04-04T07:07:00Z
2017-01-06,Fri,N,2017,Q1,Dawn,Baltimore City,24,Intersection,Head On Left Turn,Wet,No Defects,"Two-way, Not Divided",Not Applicable,ADJ703002H,20170106,07:00:00,No,N,N,1,Other Vehicle,1,40,6.643,East,E,ORLEANS ST,0,F,E,0,N CASTLE ST,39.2953507991832,-76.5885150432587,Point,,Property Damage Crash,Clear,NA,NA,N,N,NA,2017-01-06T07:00:00Z
2015-07-21,Tue,N,2015,Q3,Daylight,Baltimore City,24,Non Intersection,Same Direction Sideswipe,Dry,No Defects,One-way Trafficway,Not Applicable,ADI285000G,20150721,13:00:00,No,N,N,2,Not Applicable,0,NA,0,NA,NA,N. COLLINGTON,0,F,S,NA,MCELDERY,39.2971919554951,-76.5865328907967,Point,,NA,NA,NA,NA,N,N,NA,2015-07-21T13:00:00Z
2017-10-08,Sun,Y,2017,Q4,Daylight,Baltimore City,24,Not Applicable,Other,Wet,No Defects,"Two-way, Not Divided",Not Applicable,ADJ818000V,20171008,12:00:00,Yes,Y,N,1,Not Applicable,0,NA,0,NA,NA,ORLEANS STREET,10,F,N,NA,N PATTERSON PARK,39.2955233447777,-76.584945358336,Point,,Property Damage Crash,Raining,NA,NA,N,N,NA,2017-10-08T12:00:00Z
2019-06-12,Wed,N,2019,Q2,Daylight,Baltimore City,24,Non Intersection,Same Direction Rear End,Dry,No Defects,"Two-way, Not Divided",Not Applicable,ADJ964002B,20190612,16:40:00,No,N,N,1,Other Vehicle,1,1410,1.54,South,S,N PATTERSON PARK AVE,40,F,N,1665,E BALTIMORE ST,39.2925695599594,-76.5847200900068,Point,,Property Damage Crash,Clear,NA,NA,N,N,NA,2019-06-12T16:40:00Z
2016-07-09,Sat,Y,2016,Q3,Dark No Lights,Baltimore City,24,Non Intersection,Same Direction Rear End,Dry,No Defects,"Two-way, Not Divided",Not Applicable,ADI2850011,20160709,01:30:00,No,N,N,1,Parked Vehicle,2,NA,0,NA,NA,JEFFERSON,0,F,W,NA,CASTLE,39.2964851813741,-76.588843613863,Point,,Property Damage Crash,NA,NA,NA,N,N,NA,2016-07-09T01:30:00Z
2019-03-20,Wed,N,2019,Q1,Daylight,Baltimore City,24,Intersection Related,Same Movement Angle,Dry,No Defects,"Two-way, Not Divided",Not Applicable,ADJ862003W,20190320,08:18:00,Yes,Y,N,1,Other Vehicle,1,NA,0,NA,NA,100 S CENTRAL,0,F,S,NA,1100 GRANBY,39.2905540489085,-76.5846008406519,Point,,Injury Crash,Not Applicable,NA,NA,N,N,NA,2019-03-20T08:18:00Z
2016-12-27,Tue,N,2016,Q4,Dark Lights On,Baltimore City,24,Intersection,Same Movement Angle,Wet,No Defects,"Two-way, Divided, Unprotected (painted >4 feet) Median",Not Applicable,ADI945002P,20161227,04:31:00,Yes,Y,N,1,Not Applicable,0,NA,0,NA,NA,200 N. MONTFORD AVE.,0,F,U,NA,2300 ORLEANS ST.,39.2955812058366,-76.5835180878639,Point,,Injury Crash,Clear,NA,NA,N,N,NA,2016-12-27T04:31:00Z
2016-02-04,Thu,N,2016,Q1,Daylight,Baltimore City,24,Intersection Related,Other,Dry,No Defects,"Two-way, Not Divided",Not Applicable,ADJ5860012,20160204,13:00:00,Yes,Y,N,1,Other Vehicle,1,NA,0,NA,NA,1800 EAST FAYETTE ST,0,F,E,NA,100 N. WOLFE STREET,39.2940576018235,-76.5906795859337,Point,,Property Damage Crash,NA,NA,NA,N,N,NA,2016-02-04T13:00:00Z
2017-04-07,Fri,N,2017,Q2,Daylight,Baltimore City,24,Intersection Related,Same Movement Angle,Dry,No Defects,"Two-way, Divided, Unprotected (painted >4 feet) Median",Not Applicable,ADH509001F,20170407,12:25:00,Yes,Y,N,1,Other Vehicle,1,1665,1.266,East,E,E BALTIMORE ST,100,F,E,0,S ANN ST,39.2916330518761,-76.5917672216892,Point,,Property Damage Crash,Clear,NA,NA,N,N,NA,2017-04-07T12:25:00Z
2016-12-13,Tue,N,2016,Q4,Dark Lights On,Baltimore City,24,Non Intersection,Other,Dry,No Defects,"Two-way, Not Divided",Not Applicable,ADI137001P,20161213,17:05:00,No,N,N,2,Parked Vehicle,2,NA,0,NA,NA,JEFFERSON ST,5,F,E,NA,PATTERSON PARK,39.2966180263937,-76.5848913788795,Point,,Property Damage Crash,Clear,NA,NA,N,N,NA,2016-12-13T17:05:00Z
2019-05-27,Mon,N,2019,Q2,Daylight,Baltimore City,24,Intersection,Head On Left Turn,Dry,No Defects,"Two-way, Not Divided",Not Applicable,ADK1960005,20190527,13:50:00,No,N,N,1,Other Vehicle,1,NA,0,NA,NA,2300 JEFFERSON ST.,0,F,S,NA,N. PATTERSON PK.,39.296724,-76.584872,Point,,Property Damage Crash,Clear,NA,NA,N,N,NA,2019-05-27T13:50:00Z
2015-09-15,Tue,N,2015,Q3,Daylight,Baltimore City,24,Not Applicable,Same Direction Sideswipe,Dry,No Defects,"Two-way, Not Divided",Not Applicable,ADH9090010,20150915,11:30:00,No,N,U,2,Not Applicable,0,NA,0,NA,NA,2200 E. FAYETTE STREET,5,F,U,NA,200 N. MADEIRA ST,39.2942049818618,-76.5857470035553,Point,,NA,NA,NA,NA,N,N,NA,2015-09-15T11:30:00Z
2016-10-09,Sun,Y,2016,Q4,Dark Lights On,Baltimore City,24,Non Intersection,Other,Wet,No Defects,"Two-way, Not Divided",Not Applicable,ADJ703001Z,20161009,05:36:00,No,N,N,2,Parked Vehicle,2,1680,0.784,West,W,E FAYETTE ST,0,F,E,0,N BRADFORD ST,39.2943440585148,-76.5840598940849,Point,,Property Damage Crash,Raining,NA,NA,N,N,NA,2016-10-09T05:36:00Z
2015-10-15,Thu,N,2015,Q4,Dark Lights On,Baltimore City,24,Non Intersection,Other,Not Applicable,No Defects,One-way Trafficway,Not Applicable,ADH1540009,20151015,04:00:00,No,N,N,1,Other Vehicle,1,NA,0,NA,NA,2200 E. FAIRMOUNT ST,20,F,W,NA,001 N. PATTERSON ST,39.292893081034,-76.585156917572,Point,,NA,NA,NA,NA,N,N,NA,2015-10-15T04:00:00Z
2017-07-29,Sat,Y,2017,Q3,Daylight,Baltimore City,24,Intersection,Single Vehicle,Wet,No Defects,"Two-way, Not Divided",Building,ADH4340002,20170729,14:56:00,Yes,Y,N,9,Not Applicable,0,1410,1.214,South,S,N PATTERSON PARK AVE,0,F,S,0,JEFFERSON ST,39.2965889665672,-76.585244089365,Point,,Property Damage Crash,Raining,NA,NA,N,N,NA,2017-07-29T14:56:00Z
2019-07-07,Sun,Y,2019,Q3,Daylight,Baltimore City,24,Not Applicable,Other,Dry,No Defects,"Two-way, Not Divided",Not Applicable,ADJ457004T,20190707,14:33:00,No,N,N,1,Other Vehicle,1,NA,0,NA,NA,1900 E FAYETTE ST,200,F,E,NA,100 N WASHINGTON ST,39.2940836658892,-76.5899982956314,Point,,Injury Crash,NA,NA,NA,N,N,NA,2019-07-07T14:33:00Z
2018-07-24,Tue,N,2018,Q3,Daylight,Baltimore City,24,Non Intersection,Same Direction Rear End,Wet,No Defects,Not Applicable,Not Applicable,ADJ922000G,20180724,15:13:00,No,N,N,1,Unknown,99,NA,0,NA,NA,E FAIRMOUNT,3,F,E,NA,N CHESTER,39.2928733608182,-76.5877432376146,Point,,Property Damage Crash,Not Applicable,NA,NA,N,N,NA,2018-07-24T15:13:00Z
2019-01-26,Sat,Y,2019,Q1,Dark Lights On,Baltimore City,24,Non Intersection,Other,Wet,No Defects,"Two-way, Divided, Positive Median Barrier",Not Applicable,ADJ8440020,20190126,06:49:00,Yes,Y,N,1,Other Vehicle,1,1680,1.83,West,W,E FAYETTE ST,200,F,E,0,COLVIN ST,39.2942199014787,-76.5869519859552,Point,,Injury Crash,Clear,NA,NA,N,N,NA,2019-01-26T06:49:00Z
2017-04-20,Thu,N,2017,Q2,Dark Lights On,Baltimore City,24,Intersection Related,Same Movement Angle,Dry,No Defects,"Two-way, Not Divided",Not Applicable,ADG5810009,20170420,00:45:00,Yes,Y,N,1,Other Vehicle,1,NA,0,NA,NA,2000 E FAYETTE ST,0,F,N,NA,100 N WASHINGTON,39.2941250645556,-76.5893116593361,Point,,Injury Crash,Clear,NA,NA,N,N,NA,2017-04-20T00:45:00Z
2016-02-27,Sat,Y,2016,Q1,Daylight,Baltimore City,24,Intersection Related,Same Direction Rear End,Dry,No Defects,"Two-way, Not Divided",Not Applicable,ADJ484001F,20160227,11:00:00,Yes,Y,N,1,Not Applicable,0,1390,0,West,W,E LOMBARD ST,100,F,W,0,PATTERSON PARK,39.2907715691379,-76.5846392512321,Point,,Property Damage Crash,NA,NA,NA,N,N,NA,2016-02-27T11:00:00Z
2016-11-27,Sun,Y,2016,Q4,Daylight,Baltimore City,24,Not Applicable,Same Movement Angle,Dry,No Defects,"Two-way, Not Divided",Not Applicable,ADJ632001J,20161127,08:24:00,No,N,N,1,Not Applicable,0,1390,0.085,West,W,E LOMBARD ST,5,F,W,0,S COLLINGTON AVE,39.2906802305877,-76.5861386060715,Point,,Property Damage Crash,Clear,NA,NA,N,N,NA,2016-11-27T08:24:00Z
2017-05-24,Wed,N,2017,Q2,Daylight,Baltimore City,24,Non Intersection,Opposite Direction Both Left Turn,Dry,No Defects,"Two-way, Not Divided",Not Applicable,ADE459004M,20170524,11:50:00,Yes,Y,N,1,Not Applicable,0,NA,0,NA,NA,1900 ORLEANS ST,50,F,E,NA,400 N WASHINGTON ST,39.2953424962266,-76.589649617672,Point,,Property Damage Crash,Clear,NA,NA,N,N,NA,2017-05-24T11:50:00Z
2015-03-02,Mon,N,2015,Q1,Dark Lights On,Baltimore City,24,Non Intersection,Single Vehicle,Ice,Unknown,"Two-way, Divided, Unprotected (painted >4 feet) Median",Curb,ADI5570003,20150302,04:48:00,No,N,N,9,Fixed Object,9,40,6.6,East,E,ORLEANS ST,50,F,E,1087,N WASHINGTON ST,39.2952677695727,-76.5900063514709,Point,,NA,NA,NA,NA,N,N,NA,2015-03-02T04:48:00Z
2016-05-19,Thu,N,2016,Q2,Daylight,Baltimore City,24,Non Intersection,Other,Dry,No Defects,One-way Trafficway,Not Applicable,ADJ604002W,20160519,09:35:00,No,N,N,1,Other Vehicle,1,NA,0,NA,NA,MCELDERRY ST,100,F,S,NA,N WASHINGTON ST,39.2970694900058,-76.5895342826843,Point,,Property Damage Crash,NA,NA,NA,N,N,NA,2016-05-19T09:35:00Z
2015-01-28,Wed,N,2015,Q1,Daylight,Baltimore City,24,Non Intersection,Other,Dry,No Defects,One-way Trafficway,Not Applicable,ADG9700002,20150128,10:48:00,No,N,N,2,Not Applicable,0,1025,1.48,South,S,N WOLFE ST,100,F,S,1680,E FAYETTE ST,39.2946699534704,-76.5906822681427,Point,,NA,NA,NA,NA,N,N,NA,2015-01-28T10:48:00Z
2015-08-18,Tue,N,2015,Q3,Daylight,Baltimore City,24,Intersection Related,Same Direction Rear End,Dry,No Defects,"Two-way, Not Divided",Not Applicable,ADJ282000L,20150818,12:00:00,Yes,Y,N,1,Not Applicable,0,NA,0,NA,NA,1800 ORLEANS ST.,0,F,W,NA,UNK,39.2952843755027,-76.591808795929,Point,,NA,NA,NA,NA,N,N,NA,2015-08-18T12:00:00Z
2018-12-14,Fri,N,2018,Q4,Dark Lights On,Baltimore City,24,Non Intersection,Same Direction Rear End,Not Applicable,No Defects,"Two-way, Not Divided",Not Applicable,ADI338004J,20181214,22:13:00,Yes,Y,N,1,Other Vehicle,1,40,6.84,East,E,ORLEANS ST,100,F,W,1410,N PATTERSON PARK AVE,39.2955347434322,-76.5844997411299,Point,,Property Damage Crash,Clear,NA,NA,N,N,NA,2018-12-14T22:13:00Z
2016-09-06,Tue,N,2016,Q3,Dark Lights On,Baltimore City,24,Intersection Related,Same Direction Left Turn,Dry,No Defects,"Two-way, Not Divided",Not Applicable,ADI1370016,20160906,19:15:00,Yes,Y,N,1,Not Applicable,0,NA,0,NA,NA,JEFFERSON ST,10,F,W,NA,WOLFE ST,39.2964052666706,-76.590651422739,Point,,Property Damage Crash,NA,NA,NA,N,N,NA,2016-09-06T19:15:00Z
2016-10-08,Sat,Y,2016,Q4,Daylight,Baltimore City,24,Intersection,Same Direction Sideswipe,Dry,No Defects,"Two-way, Not Divided",Not Applicable,ADI692000M,20161008,17:00:00,No,N,N,1,Pedestrian,3,40,6.911,East,E,ORLEANS ST,0,F,E,0,N MONTFORD AVE,39.2955770543721,-76.5835288167,Point,,Injury Crash,Clear,NA,NA,Y,N,NA,2016-10-08T17:00:00Z
2018-09-09,Sun,Y,2018,Q3,Dawn,Baltimore City,24,Intersection,Same Movement Angle,Wet,No Defects,"Two-way, Not Divided",Not Applicable,ADJ879000P,20180909,23:12:00,Yes,Y,N,1,Parked Vehicle,2,1665,1.647,East,E,E BALTIMORE ST,0,F,E,1415,S PATTERSON PARK AVE,39.291888101832,-76.5847279993883,Point,,Injury Crash,Raining,NA,NA,N,N,NA,2018-09-09T23:12:00Z
2018-04-21,Sat,Y,2018,Q2,Dark Lights On,Baltimore City,24,Intersection,Same Movement Angle,Dry,No Defects,One-way Trafficway,Sign Support Pole,ADJ763002M,20180421,02:10:00,Yes,Y,N,1,Fixed Object,9,1087,0.331,North,N,N WASHINGTON ST,0,F,N,0,JEFFERSON ST,39.2964509322267,-76.589480638504,Point,,Injury Crash,Clear,NA,NA,N,N,NA,2018-04-21T02:10:00Z
2016-01-13,Wed,N,2016,Q1,Dark Lights On,Baltimore City,24,Intersection,Same Movement Angle,Dry,No Defects,"Two-way, Not Divided",Not Applicable,ADI782000J,20160113,01:14:00,No,N,N,2,Not Applicable,0,3005,0.85,West,W,FAIRMOUNT AVE,0,F,W,1087,N WASHINGTON ST,39.2928090106017,-76.5892419219017,Point,,Injury Crash,NA,NA,NA,N,N,NA,2016-01-13T01:14:00Z
2016-11-03,Thu,N,2016,Q4,Dusk,Baltimore City,24,Intersection,Same Movement Angle,Dry,No Defects,"Two-way, Not Divided",Not Applicable,ADJ7990006,20161103,18:01:00,Yes,Y,N,1,Parked Vehicle,2,NA,0,NA,NA,PATTERSON PK AVE,0,F,N,NA,JEFFERSON ST,39.2966190642444,-76.5849812328815,Point,,Property Damage Crash,Clear,NA,NA,N,N,NA,2016-11-03T18:01:00Z
2019-09-13,Fri,N,2019,Q3,Dark Lights On,Baltimore City,24,Not Applicable,Other,Dry,No Defects,"Two-way, Not Divided",Not Applicable,ADK2690009,20190913,19:20:00,Yes,Y,N,3,Not Applicable,0,NA,0,NA,NA,1900 EAST LOMBARD STREET,0,F,S,NA,S WOLFE,39.2909054,-76.5901595796676,Point,,Injury Crash,NA,NA,NA,N,N,NA,2019-09-13T19:20:00Z
2019-05-23,Thu,N,2019,Q2,Daylight,Baltimore City,24,Intersection,Same Movement Angle,Dry,No Defects,"Two-way, Not Divided",Not Applicable,ADK055000Z,20190523,07:36:00,No,N,N,1,Not Applicable,0,NA,0,NA,NA,ORLEANS ST,0,F,S,NA,N. COLLINGTON ST.,39.2954464391886,-76.5864543777764,Point,,Injury Crash,Clear,NA,NA,N,N,NA,2019-05-23T07:36:00Z
2015-08-16,Sun,Y,2015,Q3,Daylight,Baltimore City,24,Intersection,Same Movement Angle,Dry,No Defects,Other,Light Support Pole,ADJ623000G,20150816,10:52:00,Yes,Y,N,1,Other Vehicle,1,1390,0.31,West,W,E LOMBARD ST,0,F,W,1027,S WOLFE ST,39.290510008426,-76.5904355049133,Point,,NA,NA,NA,NA,N,N,NA,2015-08-16T10:52:00Z
2017-11-27,Mon,N,2017,Q4,Daylight,Baltimore City,24,Non Intersection,Same Direction Right Turn,Dry,No Defects,"Two-way, Not Divided",Not Applicable,ADI5220012,20171127,13:19:00,Yes,Y,N,1,Other Vehicle,1,NA,0,NA,NA,2100 ORLEANS ST,5,F,W,NA,400 N COLLINGTON ST,39.2955064794375,-76.5863330662251,Point,,Property Damage Crash,Clear,NA,NA,N,N,NA,2017-11-27T13:19:00Z
2016-03-10,Thu,N,2016,Q1,Daylight,Baltimore City,24,Intersection,Other,Dry,No Defects,"Two-way, Not Divided",Not Applicable,ADJ457001N,20160310,16:57:00,Yes,Y,N,1,Other Vehicle,1,NA,0,NA,NA,2200 E FAYETTE ST,0,F,S,NA,100 N PATTERSON PARK AVE,39.2942589519391,-76.5848806500435,Point,,Property Damage Crash,NA,NA,NA,N,N,NA,2016-03-10T16:57:00Z
2015-01-12,Mon,N,2015,Q1,Unknown,Baltimore City,24,Intersection Related,Same Direction Sideswipe,Wet,No Defects,One-way Trafficway,NA,ADJ0160002,20150112,12:00:00,No,N,N,2,Unknown,99,1390,0.192,West,W,E LOMBARD ST,10,F,W,NA,S CASTLE ST,39.290510008426,-76.5880858898163,Point,,NA,Raining,NA,NA,N,N,NA,2015-01-12T12:00:00Z
2018-05-26,Sat,Y,2018,Q2,Dark Lights On,Baltimore City,24,Not Applicable,Same Movement Angle,Dry,No Defects,Not Applicable,Not Applicable,ADJ7200026,20180526,02:41:00,Yes,Y,N,1,Not Applicable,0,40,6.53,East,E,ORLEANS ST,0,F,E,1025,N WOLFE ST,39.2952527204453,-76.590688303113,Point,,Injury Crash,Clear,NA,NA,N,N,NA,2018-05-26T02:41:00Z
2018-10-15,Mon,N,2018,Q4,Daylight,Baltimore City,24,Intersection,Same Direction Rear End,Wet,Not Applicable,"Two-way, Divided, Unprotected (painted >4 feet) Median",Not Applicable,ADJ2810030,20181015,08:34:00,Yes,Y,N,1,Not Applicable,0,NA,0,NA,NA,1900 ORLEANS ST,0,F,U,NA,300 N. WASHINGTON ST,39.2953405913282,-76.5897744869984,Point,,Property Damage Crash,Raining,NA,NA,N,N,NA,2018-10-15T08:34:00Z
2017-03-02,Thu,N,2017,Q1,Daylight,Baltimore City,24,Non Intersection,Same Direction Sideswipe,Dry,No Defects,"Two-way, Not Divided",Not Applicable,ADJ575001L,20170302,10:40:00,No,N,N,1,Other Vehicle,1,1410,0,South,S,N PATTERSON PARK AVE,0,F,N,1070,SINCLAIR LA,39.2967664388908,-76.584974527359,Point,,Property Damage Crash,Clear,NA,NA,N,N,NA,2017-03-02T10:40:00Z
2019-08-03,Sat,Y,2019,Q3,Dark Lights On,Baltimore City,24,Intersection,Same Movement Angle,Dry,No Defects,"Two-way, Not Divided",Light Support Pole,ADJ7510027,20190803,00:04:00,Yes,Y,N,1,Fixed Object,9,NA,0,NA,NA,1900 E. BALTIMORE ST,0,F,W,NA,100 S. WASHINGTON ST,39.29177,-76.590317,Point,,Injury Crash,NA,NA,NA,N,N,NA,2019-08-03T00:04:00Z
2015-02-15,Sun,Y,2015,Q1,Daylight,Baltimore City,24,Intersection,Same Movement Angle,Wet,No Defects,"Two-way, Not Divided",Not Applicable,ADJ501000G,20150215,13:30:00,Yes,Y,N,1,Not Applicable,0,1680,0.905,West,W,E FAYETTE ST,0,F,W,NA,N COLLINGTON AVE,39.2942132849533,-76.5863800048828,Point,,NA,Not Applicable,NA,NA,N,N,NA,2015-02-15T13:30:00Z