crash_date,dotw,weekend,year,quarter,light_desc,county_desc,county_no,junction_desc,collision_type_desc,surf_cond_desc,rd_cond_desc,rd_div_desc,fix_obj_desc,report_no,acc_date,acc_time,signal_flag_desc,signal_flag,c_m_zone_flag,harm_event_code1,harm_event_desc2,harm_event_code2,rte_no,log_mile,logmile_dir_flag_desc,logmile_dir_flag,mainroad_name,distance,feet_miles_flag,distance_dir_flag,reference_no,reference_road_name,latitude,longitude,geocoded_column_type,geocoded_column_coordinates,report_type,weather_desc,feet_miles_flag_desc,reference_suffix,ped_injury,fatal_injury,harm_event_desc1,crash_datetime
2017-09-15,Fri,N,2017,Q3,Daylight,Baltimore City,24,Non Intersection,Same Direction Rear End,Dry,No Defects,"Two-way, Divided, Unprotected (painted >4 feet) Median",Not Applicable,ADE459005P,20170915,13:00:00,Yes,Y,N,1,Not Applicable,0,NA,0,NA,NA,2100 E FAYETTE ST,200,F,W,NA,200 N CHESTER ST,39.2954244878801,-76.5873925387859,Point,,Injury Crash,Clear,NA,NA,N,N,NA,2017-09-15T13:00:00Z
2018-04-21,Sat,Y,2018,Q2,Dark Lights On,Baltimore City,24,Intersection,Same Movement Angle,Dry,No Defects,"Two-way, Not Divided",Light Support Pole,ADJ4730049,20180421,03:27:00,Yes,Y,N,1,Fixed Object,9,NA,0,NA,NA,1800 E. BALTIMORE ST,0,F,U,NA,UNIT N. WOLFE ST,39.2916558862142,-76.5904730558395,Point,,Injury Crash,Not Applicable,NA,NA,N,N,NA,2018-04-21T03:27:00Z
2019-01-18,Fri,N,2019,Q1,Daylight,Baltimore City,24,Non Intersection,Single Vehicle,Dry,No Defects,One-way Trafficway,Curb,ADJ892001R,20190118,12:13:00,No,N,N,1,Fixed Object,9,NA,0,NA,NA,N BRADFORD AVE,30,F,S,NA,E FAYETTE ST,39.2942693422085,-76.584142559779,Point,,Injury Crash,Cloudy,NA,NA,N,N,NA,2019-01-18T12:13:00Z
2019-03-08,Fri,N,2019,Q1,Dark Lights On,Baltimore City,24,Non Intersection,Other,Wet,No Defects,"Two-way, Not Divided",Not Applicable,ADK0050014,20190308,22:36:00,No,N,N,2,Parked Vehicle,2,NA,0,NA,NA,100 BLK S. PATTERSON PARK AVE,2,F,N,NA,2000 BLK E. LOMBARD ST,39.2905540489085,-76.5846008406519,Point,,Property Damage Crash,Raining,NA,NA,N,N,NA,2019-03-08T22:36:00Z
2015-07-27,Mon,N,2015,Q3,Daylight,Baltimore City,24,Intersection,Same Direction Rear End Left Turn,Wet,No Defects,"Two-way, Divided, Unprotected (painted >4 feet) Median",Not Applicable,ADJ618001B,20150727,07:30:00,Yes,Y,N,1,Not Applicable,0,1680,1.07,West,W,E FAYETTE ST,0,F,W,1087,N WASHINGTON ST,39.2941261024433,-76.589287519455,Point,,NA,Raining,NA,NA,N,N,NA,2015-07-27T07:30:00Z
2019-01-09,Wed,N,2019,Q1,Daylight,Baltimore City,24,NA,Same Movement Angle,Dry,No Defects,"Two-way, Divided, Positive Median Barrier",Not Applicable,ADE4590094,20190109,10:15:00,Yes,Y,N,1,Not Applicable,0,NA,0,NA,NA,1700 ORLEANS ST,0,F,E,NA,400 N WOLF ST,39.2953367474079,-76.5920180319542,Point,,Property Damage Crash,Clear,NA,NA,N,N,NA,2019-01-09T10:15:00Z
2015-11-29,Sun,Y,2015,Q4,NA,Baltimore City,24,Non Intersection,Same Direction Rear End Left Turn,Wet,No Defects,"Two-way, Not Divided",Not Applicable,ADI205000F,20151129,06:40:00,Yes,Y,N,1,Other Vehicle,1,40,6.6,East,E,ORLEANS ST,100,F,E,1087,N WASHINGTON ST,39.2953092843903,-76.5895396471024,Point,,NA,Raining,NA,NA,N,N,NA,2015-11-29T06:40:00Z
2019-05-22,Wed,N,2019,Q2,Daylight,Baltimore City,24,Not Applicable,Same Direction Rear End,Dry,No Defects,"Two-way, Divided, Positive Median Barrier",Not Applicable,ADJ6500037,20190522,17:35:00,No,N,N,1,Not Applicable,0,40,6.35,East,E,ORLEANS ST,20,F,E,1445,N BROADWAY,39.2951908383009,-76.592694681823,Point,,Property Damage Crash,Clear,NA,NA,N,N,NA,2019-05-22T17:35:00Z
2018-03-08,Thu,N,2018,Q1,Daylight,Baltimore City,24,Intersection,Same Direction Rear End,Dry,No Defects,"Two-way, Not Divided",Not Applicable,ADJ268003P,20180308,09:00:00,No,N,N,1,Other Vehicle,1,40,6.911,East,E,ORLEANS ST,0,F,E,0,N MONTFORD AVE,39.2955739407736,-76.583523452282,Point,,Injury Crash,Clear,NA,NA,N,N,NA,2018-03-08T09:00:00Z
2019-07-22,Mon,N,2019,Q3,Daylight,Baltimore City,24,Intersection,Same Movement Angle,Dry,No Defects,"Two-way, Not Divided",Not Applicable,ADJ859002T,20190722,08:40:00,Yes,Y,N,1,Not Applicable,0,1680,1.14,West,W,E FAYETTE ST,0,F,W,1025,N WOLFE ST,39.294148627818,-76.5906661957453,Point,,Property Damage Crash,NA,NA,NA,N,N,NA,2019-07-22T08:40:00Z
2018-11-15,Thu,N,2018,Q4,Daylight,Baltimore City,24,Non Intersection,Same Direction Rear End,Ice,No Defects,"Two-way, Not Divided",Not Applicable,ADJ8380026,20181115,08:00:00,No,N,N,1,Not Applicable,0,NA,0,NA,NA,E FAYETTE ST,400,F,E,NA,N BROADWAY,39.294005374826,-76.5926836470478,Point,,Property Damage Crash,Sleet,NA,NA,N,N,NA,2018-11-15T08:00:00Z
2015-01-31,Sat,Y,2015,Q1,Dark Lights On,Baltimore City,24,Intersection,Same Movement Angle,Dry,No Defects,"Two-way, Not Divided",Not Applicable,ADI6010003,20150131,18:55:00,Yes,Y,N,1,Not Applicable,0,40,6.84,East,E,ORLEANS ST,0,F,E,1410,N PATTERSON PARK AVE,39.2954753434144,-76.5849208831787,Point,,NA,NA,NA,NA,N,N,NA,2015-01-31T18:55:00Z
2015-07-19,Sun,Y,2015,Q3,Dark Lights On,Baltimore City,24,Non Intersection,Other,Dry,No Defects,One-way Trafficway,Not Applicable,ADJ389000B,20150719,02:08:00,No,N,N,2,Parked Vehicle,2,40,6.753,East,E,ORLEANS ST,10,F,W,0,N COLLINGTON AVE,39.2955417669137,-76.5864443778992,Point,,NA,NA,NA,NA,N,N,NA,2015-07-19T02:08:00Z
2018-11-30,Fri,N,2018,Q4,Dark Lights On,Baltimore City,24,Intersection,Same Movement Angle,Dry,No Defects,"Two-way, Not Divided",Fence,ADI726000G,20181130,04:44:00,Yes,Y,N,2,Fixed Object,9,1680,0.968,West,W,E FAYETTE ST,0,F,W,0,N CHESTER ST,39.2941988031891,-76.5875378285583,Point,,Injury Crash,Clear,NA,NA,N,N,NA,2018-11-30T04:44:00Z
2015-09-01,Tue,N,2015,Q3,Dark Lights On,Baltimore City,24,NA,Same Direction Rear End,Dry,No Defects,"Two-way, Not Divided",Not Applicable,ADG9140009,20150901,20:10:00,Yes,Y,N,2,Parked Vehicle,2,1665,1.337,East,E,E BALTIMORE ST,5,F,W,1027,S WOLFE ST,39.2916309760268,-76.59019947052,Point,,NA,NA,NA,NA,N,N,NA,2015-09-01T20:10:00Z
2018-04-29,Sun,Y,2018,Q2,Daylight,Baltimore City,24,Non Intersection,Same Direction Sideswipe,Dry,No Defects,"Two-way, Divided, Unprotected (painted >4 feet) Median",Not Applicable,ADJ763002N,20180429,17:48:00,No,N,N,1,Not Applicable,0,40,6.53,East,E,ORLEANS ST,0,F,W,1025,N WOLFE ST,39.2953046139746,-76.5903811901808,Point,,Property Damage Crash,Clear,NA,NA,N,N,NA,2018-04-29T17:48:00Z
2017-01-02,Mon,N,2017,Q1,Daylight,Baltimore City,24,Intersection,Same Movement Angle,Not Applicable,No Defects,"Two-way, Not Divided",Not Applicable,ADI576001J,20170102,12:30:00,Yes,Y,N,1,Other Vehicle,1,NA,0,NA,NA,2200 E FAYETTE ST,0,F,U,NA,N PATTERSON PARK AVE,39.2942714065664,-76.5848350524902,Point,,Property Damage Crash,Not Applicable,NA,NA,N,N,NA,2017-01-02T12:30:00Z
2015-12-01,Tue,N,2015,Q4,Daylight,Baltimore City,24,Intersection,Other,Wet,No Defects,One-way Trafficway,Not Applicable,ADG111000C,20151201,15:09:00,Yes,Y,N,1,Other Vehicle,1,NA,0,NA,NA,200 N WASHINGTON ST,0,F,N,NA,ORLEANS ST,39.2951598309319,-76.5906608104706,Point,,NA,Raining,NA,NA,N,N,NA,2015-12-01T15:09:00Z
2016-06-28,Tue,N,2016,Q2,Daylight,Baltimore City,24,Non Intersection,Same Direction Rear End,Dry,No Defects,One-way Trafficway,Not Applicable,ADJ4840025,20160628,17:00:00,No,N,N,1,Not Applicable,0,1665,1.5,East,E,E BALTIMORE ST,200,F,E,0,N CHESTER ST,39.2925983151243,-76.5874260663986,Point,,Property Damage Crash,NA,NA,NA,N,N,NA,2016-06-28T17:00:00Z
2018-07-18,Wed,N,2018,Q3,Daylight,Baltimore City,24,Non Intersection,Same Direction Right Turn,Dry,No Defects,One-way Trafficway,Not Applicable,ADJ9440007,20180718,08:30:00,No,N,N,2,Not Applicable,0,NA,0,NA,NA,WASHINGTON ST,0,F,N,NA,JEFFERSON ST,39.2964405536938,-76.5894524753094,Point,,Property Damage Crash,Clear,NA,NA,N,N,NA,2018-07-18T08:30:00Z
2018-11-16,Fri,N,2018,Q4,Other,Baltimore City,24,Not Applicable,Same Direction Rear End,Dry,No Defects,"Two-way, Not Divided",Not Applicable,ADJ9880011,20181116,22:02:00,No,N,N,1,Other Vehicle,1,40,6.53,East,E,ORLEANS ST,25,F,E,1025,N WOLFE ST,39.2952500449018,-76.5910697718484,Point,,Property Damage Crash,Clear,NA,NA,N,N,NA,2018-11-16T22:02:00Z
2015-01-08,Thu,N,2015,Q1,Dark Lights On,Baltimore City,24,Intersection,Same Movement Angle,Dry,No Defects,One-way Trafficway,Light Support Pole,ADG6250002,20150108,01:45:00,Yes,Y,N,1,Other Vehicle,1,NA,NA,NA,NA,1800 E LOMBARD STREEET,0,F,NA,NA,100 S WOLF STREET,39.2905017048953,-76.5904140472412,Point,,NA,NA,NA,NA,N,N,NA,2015-01-08T01:45:00Z
2017-04-29,Sat,Y,2017,Q2,Daylight,Baltimore City,24,Intersection,Same Movement Angle,Dry,No Defects,"Two-way, Divided, Unprotected (painted >4 feet) Median",Not Applicable,ADI708001D,20170429,08:44:00,Yes,Y,N,0,Not Applicable,0,NA,0,NA,NA,2300 ORLEANS ST,0,F,E,NA,200 N. PATTERSON ST,39.2955085551719,-76.5849208831787,Point,,Property Damage Crash,Clear,NA,NA,N,N,NA,2017-04-29T08:44:00Z
2016-01-04,Mon,N,2016,Q1,Daylight,Baltimore City,24,Non Intersection,Other,Dry,No Defects,"Two-way, Not Divided",Not Applicable,ADH608001B,20160104,14:00:00,No,N,N,2,Parked Vehicle,2,NA,0,NA,NA,ANN,50,F,S,NA,BALTIMORE,39.2917939300082,-76.5918155014515,Point,,Property Damage Crash,NA,NA,NA,N,N,NA,2016-01-04T14:00:00Z
2017-12-23,Sat,Y,2017,Q4,Dark Lights On,Baltimore City,24,Intersection,Other,Wet,No Defects,"Two-way, Not Divided",Not Applicable,ADJ844000V,20171223,03:30:00,Yes,Y,N,1,Not Applicable,0,1410,1.38,South,S,N PATTERSON PARK AVE,0,F,S,1680,E FAYETTE ST,39.2943710435051,-76.5848913788795,Point,,Property Damage Crash,Raining,NA,NA,N,N,NA,2017-12-23T03:30:00Z
2018-05-19,Sat,Y,2018,Q2,Daylight,Baltimore City,24,Intersection Related,Same Movement Angle,Dry,No Defects,"Two-way, Not Divided",Not Applicable,ADJ848000Y,20180519,16:40:00,Yes,Y,N,1,Not Applicable,0,1665,1.266,East,E,E BALTIMORE ST,0,F,E,0,S ANN ST,39.291612812343,-76.5917826443911,Point,,Property Damage Crash,Not Applicable,NA,NA,N,N,NA,2018-05-19T16:40:00Z
2017-07-20,Thu,N,2017,Q3,Daylight,Baltimore City,24,Non Intersection,Same Direction Sideswipe,Dry,No Defects,"Two-way, Divided, Positive Median Barrier",Not Applicable,ADJ763001V,20170720,14:45:00,No,N,N,1,Not Applicable,0,40,6.53,East,E,ORLEANS ST,0,F,W,1025,N WOLFE ST,39.2953871246069,-76.5922459959984,Point,,Property Damage Crash,Clear,NA,NA,N,N,NA,2017-07-20T14:45:00Z
2017-06-28,Wed,N,2017,Q2,Dark Lights On,Baltimore City,24,Not Applicable,Same Direction Rear End,Dry,No Defects,"Two-way, Not Divided",Not Applicable,ADJ203001J,20170628,23:51:00,No,N,N,1,Other Vehicle,1,NA,0,NA,NA,2300 BLOCK E. BALTIMORE ST,20,F,W,NA,100 BLOCK N. PATTERSON PK,39.2918904567101,-76.5845762193203,Point,,Property Damage Crash,Clear,NA,NA,N,N,NA,2017-06-28T23:51:00Z
2017-06-16,Fri,N,2017,Q2,Daylight,Baltimore City,24,Intersection Related,Same Direction Rear End,Dry,Not Applicable,"Two-way, Divided, Unprotected (painted >4 feet) Median",Not Applicable,ADJ6500025,20170616,16:39:00,Yes,Y,N,1,Not Applicable,0,40,6.84,East,E,ORLEANS ST,5,F,W,1410,N PATTERSON PARK AVE,39.2954950628973,-76.5849933028221,Point,,Injury Crash,Clear,NA,NA,N,N,NA,2017-06-16T16:39:00Z
2016-04-24,Sun,Y,2016,Q2,Daylight,Baltimore City,24,Intersection Related,Same Direction Rear End,Unknown,No Defects,"Two-way, Not Divided",Not Applicable,ADJ013002P,20160424,10:30:00,Yes,Y,N,1,Not Applicable,0,40,6.7,East,E,ORLEANS ST,15,F,E,0,N CHESTER ST,39.2954006169023,-76.5876245498657,Point,,Property Damage Crash,Unknown,NA,NA,N,N,NA,2016-04-24T10:30:00Z
2016-12-31,Sat,Y,2016,Q4,Daylight,Baltimore City,24,Intersection,Other,Dry,No Defects,"Two-way, Not Divided",Not Applicable,ADJ3800013,20161231,13:40:00,Yes,Y,N,3,Not Applicable,0,NA,0,NA,NA,WOLFE ST,0,F,W,NA,ORLEANS ST,39.2953092843903,-76.5906929969788,Point,,Injury Crash,Clear,NA,NA,N,N,NA,2016-12-31T13:40:00Z
2018-09-18,Tue,N,2018,Q3,Daylight,Baltimore City,24,Intersection,Same Movement Angle,Wet,No Defects,Not Applicable,Not Applicable,ADJ712001D,20180918,08:34:00,Yes,Y,N,1,Not Applicable,0,40,6.753,East,E,ORLEANS ST,0,F,E,0,N COLLINGTON AVE,39.2954597296466,-76.5864454282417,Point,,Property Damage Crash,Raining,NA,NA,N,N,NA,2018-09-18T08:34:00Z
2017-08-11,Fri,N,2017,Q3,Daylight,Baltimore City,24,Intersection Related,Same Movement Angle,Dry,No Defects,"Two-way, Not Divided",Building,ADJ738001Q,20170811,07:10:00,Yes,Y,N,1,Parked Vehicle,2,NA,0,NA,NA,JEFFERSON ST,10,F,E,NA,MONTFORD,39.2966920768826,-76.5835811197758,Point,,Property Damage Crash,Clear,NA,NA,N,N,NA,2017-08-11T07:10:00Z
2017-12-08,Fri,N,2017,Q4,Dawn,Baltimore City,24,Intersection,Head On Left Turn,Dry,No Defects,"Two-way, Not Divided",Not Applicable,ADF6860022,20171208,06:40:00,Yes,Y,N,1,Not Applicable,0,40,6.7,East,E,ORLEANS ST,0,F,E,0,N CHESTER ST,39.2953912760827,-76.5876205265522,Point,,Property Damage Crash,Clear,NA,NA,N,N,NA,2017-12-08T06:40:00Z
2016-12-24,Sat,Y,2016,Q4,Dark Lights On,Baltimore City,24,Not Applicable,Same Direction Rear End,Not Applicable,Not Applicable,"Two-way, Not Divided",Not Applicable,ADJ768001H,20161224,20:50:00,No,N,N,1,Other Vehicle,1,1410,1.343,South,S,N PATTERSON PARK AVE,0,F,S,0,MULLIKIN ST,39.2951390734819,-76.5849047899246,Point,,Property Damage Crash,Not Applicable,NA,NA,N,N,NA,2016-12-24T20:50:00Z
2016-09-21,Wed,N,2016,Q3,Daylight,Baltimore City,24,Non Intersection,Head On,Dry,No Defects,One-way Trafficway,Not Applicable,ADJ133001J,20160921,11:30:00,No,N,N,1,Not Applicable,0,1025,1.48,South,S,N WOLFE ST,30,F,N,1680,E FAYETTE ST,39.2947675140856,-76.5906608104706,Point,,Property Damage Crash,NA,NA,NA,N,N,NA,2016-09-21T11:30:00Z
2016-11-20,Sun,Y,2016,Q4,Daylight,Baltimore City,24,Intersection,Same Movement Angle,Dry,No Defects,Other,Not Applicable,ADI551001V,20161120,10:00:00,Yes,Y,N,1,Not Applicable,0,40,6.84,East,E,ORLEANS ST,0,F,E,1410,N PATTERSON PARK AVE,39.2955168581089,-76.5849101543427,Point,,Injury Crash,Severe Winds,NA,NA,N,N,NA,2016-11-20T10:00:00Z
2015-08-16,Sun,Y,2015,Q3,Daylight,Baltimore City,24,Intersection,Opposite Direction Both Left Turn,Dry,No Defects,"Two-way, Not Divided",Not Applicable,ADJ595000W,20150816,14:45:00,Yes,Y,N,1,Not Applicable,0,NA,0,NA,NA,BALTIMORE ST,0,F,U,NA,WASHINGSTON ST,39.2917140099501,-76.5891587734222,Point,,NA,NA,NA,NA,N,N,NA,2015-08-16T14:45:00Z
2017-05-29,Mon,N,2017,Q2,Not Applicable,Baltimore City,24,Not Applicable,Same Direction Rear End,Not Applicable,Not Applicable,Not Applicable,Not Applicable,ADI9730020,20170529,15:03:00,No,N,N,0,Not Applicable,0,NA,0,NA,NA,N WASHINTON,0,F,N,NA,E BALTIMORE,39.2916974031733,-76.5891373157501,Point,,Property Damage Crash,Not Applicable,NA,NA,N,N,NA,2017-05-29T15:03:00Z
2019-07-11,Thu,N,2019,Q3,Not Applicable,Baltimore City,24,Intersection Related,Head On Left Turn,Dry,No Defects,"Two-way, Not Divided",Not Applicable,ADJ473005F,20190711,10:41:00,Yes,Y,N,1,Other Vehicle,1,NA,0,NA,NA,1900 E FAYETTE ST,0,U,U,NA,200 N CASTLE ST,39.2941964209705,-76.5884207352644,Point,,Property Damage Crash,Not Applicable,NA,NA,N,N,NA,2019-07-11T10:41:00Z
2018-05-30,Wed,N,2018,Q2,Daylight,Baltimore City,24,Intersection,Same Movement Angle,Dry,No Defects,"Two-way, Not Divided",Not Applicable,ADJ957000F,20180530,17:35:00,Yes,Y,N,1,Parked Vehicle,2,NA,0,NA,NA,JEFFERSON,0,F,W,NA,PATTERSON PARK AVE,39.2966226967218,-76.5849933028221,Point,,Injury Crash,Clear,NA,NA,N,N,NA,2018-05-30T17:35:00Z
2019-01-22,Tue,N,2019,Q1,Daylight,Baltimore City,24,Non Intersection,Same Direction Sideswipe,Dry,No Defects,One-way Trafficway,Not Applicable,ADH393000N,20190122,13:59:00,No,N,N,2,Parked Vehicle,2,NA,0,NA,NA,001 WOLFE ST,75,F,S,NA,1800 BALTIMORE ST,39.2916022419978,-76.5904622371633,Point,,Property Damage Crash,Clear,NA,NA,N,N,NA,2019-01-22T13:59:00Z
2016-02-14,Sun,Y,2016,Q1,Dark Lights On,Baltimore City,24,Intersection,Same Movement Angle,Dry,No Defects,"Two-way, Not Divided",Not Applicable,ADI262000H,20160214,00:58:00,Yes,Y,N,1,Other Vehicle,1,1390,0.085,West,W,E LOMBARD ST,0,F,W,0,S COLLINGTON AVE,39.2906771167713,-76.586150676012,Point,,Property Damage Crash,NA,NA,NA,N,N,NA,2016-02-14T00:58:00Z
2015-11-01,Sun,Y,2015,Q4,NA,Baltimore City,24,Intersection,Same Direction Right Turn,Dry,No Defects,"Two-way, Not Divided",Not Applicable,ADJ203000K,20151101,04:56:00,No,N,N,0,Not Applicable,0,NA,0,NA,NA,1700 E. BALTIMORE ST,0,F,N,NA,100 N. ANN ST,39.2916226726291,-76.592001914978,Point,,NA,NA,NA,NA,N,N,NA,2015-11-01T04:56:00Z
2015-03-02,Mon,N,2015,Q1,Unknown,Baltimore,3,Non Intersection,Unknown,Snow,Not Applicable,One-way Trafficway,Not Applicable,ADJ5860003,20150302,10:07:00,No,N,N,1,Parked Vehicle,2,NA,NA,NA,NA,S. COLLINGTON AVE,0,F,NA,NA,E. LOMBARD STREET,39.290049160985,-76.5861171483994,Point,,NA,NA,NA,NA,N,N,NA,2015-03-02T10:07:00Z
2016-01-06,Wed,N,2016,Q1,Daylight,Baltimore City,24,Non Intersection,Single Vehicle,Dry,No Defects,"Two-way, Divided, Unprotected (painted >4 feet) Median",Not Applicable,MTA0287000P,20160106,15:30:00,No,N,N,3,Not Applicable,0,2895,0.6,North,N,DOLFIELD AVE,70,F,S,2100,W COLD SPRING LA,39.2941219508925,-76.5893626213074,Point,,Injury Crash,NA,NA,NA,N,N,NA,2016-01-06T15:30:00Z
2018-04-29,Sun,Y,2018,Q2,Dark Lights On,Baltimore City,24,Intersection,Same Movement Angle,Dry,No Defects,"Two-way, Not Divided",Not Applicable,ADJ424004P,20180429,23:45:00,No,N,N,1,Not Applicable,0,40,6.911,East,E,ORLEANS ST,0,F,E,0,N MONTFORD AVE,39.2955832815688,-76.583534181118,Point,,Property Damage Crash,Clear,NA,NA,N,N,NA,2018-04-29T23:45:00Z
2016-11-22,Tue,N,2016,Q4,Daylight,Baltimore City,24,Intersection,Angle Meets Left Turn,Dry,No Defects,Not Applicable,Not Applicable,ADJ457002Q,20161122,13:37:00,Yes,Y,N,1,Other Vehicle,1,NA,0,NA,NA,1900 E FAYETTE ST,0,F,W,NA,100 N WASHIGNTON ST,39.2953570264001,-76.5894109010696,Point,,Property Damage Crash,Clear,NA,NA,N,N,NA,2016-11-22T13:37:00Z
2016-04-16,Sat,Y,2016,Q2,Not Applicable,Baltimore City,24,Not Applicable,Opposite Direction Sideswipe,Dry,No Defects,Not Applicable,Not Applicable,ADH885000G,20160416,12:30:00,No,N,N,0,Not Applicable,0,40,7.178,East,E,ORLEANS ST,2,M,E,0,N BELNORD AVE,39.2940368440467,-76.5916800498962,Point,,Property Damage Crash,Not Applicable,NA,NA,N,N,NA,2016-04-16T12:30:00Z
2016-05-21,Sat,Y,2016,Q2,Daylight,Baltimore City,24,Non Intersection,Same Direction Sideswipe,Dry,No Defects,One-way Trafficway,Not Applicable,ADJ268001M,20160521,11:00:00,No,N,N,2,Parked Vehicle,2,NA,0,NA,NA,REGESTER ST,20,F,S,NA,LOMBARD ST,39.2902069289189,-76.5924900770187,Point,,Property Damage Crash,Not Applicable,NA,NA,N,N,NA,2016-05-21T11:00:00Z
2018-03-03,Sat,Y,2018,Q1,Daylight,Baltimore City,24,Non Intersection,Same Direction Rear End,Dry,No Defects,"Two-way, Not Divided",Not Applicable,ADG540000K,20180303,11:30:00,No,N,N,1,Not Applicable,0,NA,0,NA,NA,100 S PATTERSON PARK,20,F,S,NA,2200 E LOMBARD,39.2905349190121,-76.584604382515,Point,,Injury Crash,Not Applicable,NA,NA,N,N,NA,2018-03-03T11:30:00Z
2015-01-19,Mon,N,2015,Q1,Daylight,Baltimore City,24,Non Intersection,Single Vehicle,Dry,No Defects,One-way Trafficway,Building,ADI8650002,20150119,14:20:00,No,N,N,9,Not Applicable,0,NA,NA,NA,NA,N.BRADFORD,60,F,NA,NA,FAIRTMOUNT AVE,39.293449396412,-76.58407330513,Point,,NA,NA,NA,NA,N,N,NA,2015-01-19T14:20:00Z
2018-09-02,Sun,Y,2018,Q3,Dark Lights On,Baltimore City,24,Not Applicable,Same Direction Rear End Left Turn,Dry,No Defects,"Two-way, Divided, Unprotected (painted >4 feet) Median",Not Applicable,ADJ751001S,20180902,02:29:00,No,N,N,1,Other Vehicle,1,NA,0,NA,NA,2600 E. FAYETTE ST,5,U,W,NA,100 N. GLOVER ST,39.2912220965548,-76.5891295767212,Point,,Property Damage Crash,Clear,NA,NA,N,N,NA,2018-09-02T02:29:00Z
2015-11-19,Thu,N,2015,Q4,Dark Lights On,Baltimore City,24,Intersection,Same Movement Angle,Dry,No Defects,"Two-way, Not Divided",Not Applicable,ADH6080011,20151119,19:00:00,Yes,Y,N,1,Other Vehicle,1,1680,1.07,West,W,E FAYETTE ST,0,F,W,1087,N WASHINGTON ST,39.2941053446868,-76.589298248291,Point,,NA,NA,NA,NA,N,N,NA,2015-11-19T19:00:00Z
2015-08-07,Fri,N,2015,Q3,Dark Lights On,Baltimore City,24,Intersection,Same Movement Angle,Dry,No Defects,One-way Trafficway,Not Applicable,ADJ484000W,20150807,21:15:00,Yes,Y,N,1,Not Applicable,0,NA,0,NA,NA,CHESTER,0,F,S,NA,FAYETTE,39.2939019183476,-76.5875333547592,Point,,NA,NA,NA,NA,N,N,NA,2015-08-07T21:15:00Z
2017-08-22,Tue,N,2017,Q3,Dark Lights On,Baltimore City,24,Intersection,Same Movement Angle,Dry,No Defects,"Two-way, Divided, Unprotected (painted >4 feet) Median",Fence,ADH265001H,20170822,05:41:00,Yes,Y,N,1,Fixed Object,9,1400,2.028,East,E,ODONNELL ST,0,F,E,6152,GUSRYAN ST,39.2966920768826,-76.5835811197758,Point,,Injury Crash,Clear,NA,NA,N,N,NA,2017-08-22T05:41:00Z
2017-09-23,Sat,Y,2017,Q3,Dark Lights On,Baltimore City,24,Not Applicable,Same Direction Rear End,Dry,No Defects,"Two-way, Not Divided",Not Applicable,ADJ632003J,20170923,19:56:00,Yes,Y,N,1,Not Applicable,0,NA,0,NA,NA,1900 E BALTIMORE,5,F,E,NA,UNIT BLOCK N WOLF,39.2916735309248,-76.590286642313,Point,,Property Damage Crash,Clear,NA,NA,N,N,NA,2017-09-23T19:56:00Z
2015-07-20,Mon,N,2015,Q3,Dark Lights On,Baltimore City,24,Intersection Related,Other,Dry,No Defects,"Two-way, Not Divided",Not Applicable,ADJ100000Z,20150720,02:15:00,Yes,Y,N,1,Not Applicable,0,1665,1.407,East,E,E BALTIMORE ST,20,F,E,1085,S WASHINGTON ST,39.2917326925692,-76.5890434384346,Point,,NA,NA,NA,NA,N,N,NA,2015-07-20T02:15:00Z
2016-09-23,Fri,N,2016,Q3,Unknown,Baltimore City,24,Not Applicable,Unknown,Dry,No Defects,"Two-way, Not Divided",Not Applicable,ADI3380023,20160923,12:04:00,No,N,N,2,Parked Vehicle,2,1390,0.31,West,W,E LOMBARD ST,200,F,E,1027,S WOLFE ST,39.2905463363611,-76.5902370214462,Point,,Property Damage Crash,NA,NA,NA,N,N,NA,2016-09-23T12:04:00Z
2018-02-20,Tue,N,2018,Q1,Daylight,Baltimore City,24,Non Intersection,Same Direction Rear End,Dry,No Defects,Other,Not Applicable,ADF819006C,20180220,08:15:00,No,N,N,1,Other Vehicle,1,NA,0,NA,NA,2200 E FAYETTE ST,70,F,E,NA,100 N COLLINGTON AVE,39.294250648853,-76.5863075852394,Point,,Injury Crash,Clear,NA,NA,N,N,NA,2018-02-20T08:15:00Z
2018-07-26,Thu,N,2018,Q3,Dark Lights On,Baltimore City,24,Not Applicable,Same Direction Rear End,Dry,No Defects,One-way Trafficway,Not Applicable,ADK0050007,20180726,21:41:00,Yes,Y,N,1,Other Vehicle,1,NA,0,NA,NA,E. PRATT ST,5,F,E,NA,S. CAROLINE ST,39.2928733608182,-76.5877432376146,Point,,Property Damage Crash,Clear,NA,NA,N,N,NA,2018-07-26T21:41:00Z
2018-07-05,Thu,N,2018,Q3,Daylight,Baltimore City,24,Non Intersection,Same Direction Rear End,Dry,No Defects,"Two-way, Divided, Unprotected (painted >4 feet) Median",Not Applicable,ADJ8460010,20180705,18:35:00,Yes,Y,N,1,Not Applicable,0,1680,0.079,West,W,E FAYETTE ST,10,F,E,0,N CLINTON ST,39.2941302539938,-76.5887188911438,Point,,Property Damage Crash,Clear,NA,NA,N,N,NA,2018-07-05T18:35:00Z