crash_date,dotw,weekend,year,quarter,light_desc,county_desc,county_no,junction_desc,collision_type_desc,surf_cond_desc,rd_cond_desc,rd_div_desc,fix_obj_desc,report_no,acc_date,acc_time,signal_flag_desc,signal_flag,c_m_zone_flag,harm_event_code1,harm_event_desc2,harm_event_code2,rte_no,log_mile,logmile_dir_flag_desc,logmile_dir_flag,mainroad_name,distance,feet_miles_flag,distance_dir_flag,reference_no,reference_road_name,latitude,longitude,geocoded_column_type,geocoded_column_coordinates,report_type,weather_desc,feet_miles_flag_desc,reference_suffix,ped_injury,fatal_injury,harm_event_desc1,crash_datetime
2016-06-23,Thu,N,2016,Q2,Daylight,Baltimore City,24,Intersection,Same Direction Rear End,Dry,No Defects,One-way Trafficway,Not Applicable,ADI012001L,20160623,17:15:00,Yes,Y,N,1,Other Vehicle,1,1025,1.32,South,S,N WOLFE ST,0,F,S,0,JEFFERSON ST,39.296587928716,-76.590735912323,Point,,Injury Crash,NA,NA,NA,N,N,NA,2016-06-23T17:15:00Z
2018-09-11,Tue,N,2018,Q3,Daylight,Baltimore City,24,Non Intersection,Same Direction Rear End,Wet,No Defects,"Two-way, Divided, Unprotected (painted >4 feet) Median",Not Applicable,ADJ281002X,20180911,13:50:00,No,N,N,1,Not Applicable,0,NA,0,NA,NA,2000 E. FAYETTE ST,0,U,U,NA,200 N. CASTLE ST,39.2941505414459,-76.588491018587,Point,,Injury Crash,Raining,NA,NA,N,N,NA,2018-09-11T13:50:00Z
2016-10-24,Mon,N,2016,Q4,Dusk,Baltimore City,24,Intersection,Same Direction Sideswipe,Dry,No Defects,NA,Not Applicable,ADJ6090022,20161024,20:45:00,Yes,Y,N,1,Not Applicable,0,40,6.53,East,E,ORLEANS ST,0,F,E,1025,N WOLFE ST,39.2953025382341,-76.5906876325607,Point,,Injury Crash,Clear,NA,NA,N,N,NA,2016-10-24T20:45:00Z
2015-01-10,Sat,Y,2015,Q1,Daylight,Baltimore City,24,Intersection,Same Movement Angle,Dry,No Defects,"Two-way, Not Divided",Not Applicable,ADJ4240005,20150110,13:50:00,Yes,Y,N,1,Not Applicable,0,1665,1.337,East,E,E BALTIMORE ST,0,F,E,1025,N WOLFE ST,39.2916475828194,-76.5904998779297,Point,,NA,NA,NA,NA,N,N,NA,2015-01-10T13:50:00Z
2017-11-06,Mon,N,2017,Q4,Daylight,Baltimore City,24,Intersection,Same Movement Angle,Dry,No Defects,"Two-way, Not Divided",Not Applicable,ADH370002H,20171106,08:25:00,Yes,Y,N,1,Not Applicable,0,1087,0.331,North,N,N WASHINGTON ST,0,F,N,0,JEFFERSON ST,39.296453007933,-76.589557081461,Point,,Property Damage Crash,Clear,NA,NA,N,N,NA,2017-11-06T08:25:00Z
2018-02-28,Wed,N,2018,Q1,Daylight,Baltimore City,24,Not Applicable,Head On Left Turn,Dry,No Defects,"Two-way, Not Divided",Not Applicable,ADJ9260006,20180228,17:18:00,No,N,N,1,Not Applicable,0,NA,0,NA,NA,2000 E FAYETTE,0,F,W,NA,200 N CHESTER,39.2942278153611,-76.5875601768494,Point,,Property Damage Crash,Not Applicable,NA,NA,N,N,NA,2018-02-28T17:18:00Z
2016-09-21,Wed,N,2016,Q3,Unknown,Baltimore City,24,Non Intersection,Same Direction Sideswipe,Dry,No Defects,One-way Trafficway,Not Applicable,ADJ424002Y,20160921,18:55:00,No,N,N,2,Not Applicable,0,NA,0,NA,NA,UNIT N CHESTER ST,75,F,S,NA,2000 E FAIRMOUNT AVE,39.2928266550218,-76.5874783694744,Point,,Property Damage Crash,NA,NA,NA,N,N,NA,2016-09-21T18:55:00Z
2017-08-24,Thu,N,2017,Q3,Dawn,Baltimore City,24,Intersection,Angle Meets Left Turn,Dry,No Defects,"Two-way, Not Divided",Not Applicable,ADI151000S,20170824,05:38:00,Yes,Y,N,1,Not Applicable,0,40,6.6,East,E,ORLEANS ST,0,F,E,1087,N WASHINGTON ST,39.2953424962266,-76.5894135832787,Point,,Property Damage Crash,Not Applicable,NA,NA,N,N,NA,2017-08-24T05:38:00Z
2016-08-12,Fri,N,2016,Q3,Daylight,Baltimore City,24,Non Intersection,Not Applicable,Dry,"Holes, Ruts, Etc.",One-way Trafficway,Not Applicable,ADI788001D,20160812,11:00:00,No,N,N,2,Not Applicable,0,1085,0.56,North,N,S WASHINGTON ST,100,F,S,1665,E BALTIMORE ST,39.2912220325183,-76.5891024470329,Point,,Property Damage Crash,NA,NA,NA,N,N,NA,2016-08-12T11:00:00Z
2015-09-25,Fri,N,2015,Q3,Not Applicable,Baltimore City,24,Not Applicable,Same Direction Right Turn,Not Applicable,No Defects,One-way Trafficway,Not Applicable,ADJ703000S,20150925,10:00:00,Yes,Y,N,1,Not Applicable,0,1025,1.4,South,S,N WOLFE ST,0,F,S,40,ORLEANS ST,39.2954836463553,-76.5907251834869,Point,,NA,Not Applicable,NA,NA,N,N,NA,2015-09-25T10:00:00Z
2018-02-06,Tue,N,2018,Q1,Daylight,Baltimore City,24,Intersection,Same Movement Angle,Dry,No Defects,"Two-way, Not Divided",Not Applicable,ADJ8380015,20180206,14:55:00,Yes,Y,N,1,Not Applicable,0,NA,0,NA,NA,E FAYETTE,0,F,N,NA,DRIVEWAY,39.2940867880876,-76.5927958488464,Point,,Property Damage Crash,Clear,NA,NA,N,N,NA,2018-02-06T14:55:00Z
2017-11-17,Fri,N,2017,Q4,Dark Lights On,Baltimore City,24,Intersection,Same Direction Rear End,Dry,No Defects,"Two-way, Divided, Unprotected (painted >4 feet) Median",Not Applicable,ADJ7630028,20171117,19:26:00,Yes,Y,N,1,Not Applicable,0,40,6.6,East,E,ORLEANS ST,0,F,E,1087,N WASHINGTON ST,39.2953404204873,-76.5895517170429,Point,,Property Damage Crash,Clear,NA,NA,N,N,NA,2017-11-17T19:26:00Z
2016-10-26,Wed,N,2016,Q4,Not Applicable,Baltimore City,24,Non Intersection,Other,Dry,No Defects,Not Applicable,Not Applicable,ADI576001C,20161026,10:30:00,No,N,N,2,Other Vehicle,1,NA,0,NA,NA,100 N MADERA,0,U,U,NA,FAIRMOUNT,39.2931919973089,-76.5855807065964,Point,,Property Damage Crash,Not Applicable,NA,NA,N,N,NA,2016-10-26T10:30:00Z
2018-05-08,Tue,N,2018,Q2,Daylight,Baltimore City,24,Non Intersection,Same Direction Rear End,Dry,No Defects,"Two-way, Not Divided",Not Applicable,ADJ860000M,20180508,12:58:00,No,N,N,1,Not Applicable,0,40,6.84,East,E,ORLEANS ST,25,F,E,1410,N PATTERSON PARK AVE,39.2955355397133,-76.5842181444168,Point,,Injury Crash,Clear,NA,NA,N,N,NA,2018-05-08T12:58:00Z
2015-04-17,Fri,N,2015,Q2,Daylight,Baltimore City,24,Intersection Related,Head On Left Turn,Wet,No Defects,"Two-way, Divided, Positive Median Barrier",Not Applicable,ADF5490003,20150417,06:45:00,Yes,Y,N,1,Not Applicable,0,40,6.53,East,E,ORLEANS ST,0,F,E,1025,N WOLFE ST,39.2951515279526,-76.5920877456665,Point,,NA,NA,NA,NA,N,N,NA,2015-04-17T06:45:00Z
2016-05-14,Sat,Y,2016,Q2,Dark Lights On,Baltimore City,24,Not Applicable,Same Direction Rear End,Dry,No Defects,One-way Trafficway,Not Applicable,ADI139000Q,20160514,00:07:00,No,N,N,0,Not Applicable,0,40,6.6,East,E,ORLEANS ST,0,F,E,1087,N WASHINGTON ST,39.2953860867379,-76.5893706679344,Point,,Property Damage Crash,NA,NA,NA,N,N,NA,2016-05-14T00:07:00Z
2017-11-26,Sun,Y,2017,Q4,Dark Lights On,Baltimore City,24,Non Intersection,Same Direction Rear End,Dry,No Defects,"Two-way, Not Divided",Not Applicable,ADJ2030021,20171126,01:52:00,Yes,Y,N,1,Other Vehicle,1,NA,0,NA,NA,1800 E. BALTIMORE ST,0,F,W,NA,200 N. WAHINGTON ST,39.2917160857969,-76.5890783071518,Point,,Property Damage Crash,Clear,NA,NA,N,N,NA,2017-11-26T01:52:00Z
2016-08-08,Mon,N,2016,Q3,Daylight,Baltimore City,24,Intersection Related,Head On,Dry,No Defects,Other,Not Applicable,ADI577001K,20160808,12:44:00,Yes,Y,N,2,Not Applicable,0,40,6.643,East,E,ORLEANS ST,50,F,W,0,N CASTLE ST,39.2952843755027,-76.5886129438877,Point,,Property Damage Crash,NA,NA,NA,N,N,NA,2016-08-08T12:44:00Z
2019-04-13,Sat,Y,2019,Q2,Daylight,Baltimore City,24,Non Intersection,Same Direction Rear End,Dry,No Defects,"Two-way, Not Divided",Not Applicable,ADJ927002P,20190413,14:40:00,No,N,N,2,Not Applicable,0,NA,0,NA,NA,BRADFORD,0,U,U,NA,BIDDLE ST,39.2962480955538,-76.589486299469,Point,,Property Damage Crash,Not Applicable,NA,NA,N,N,NA,2019-04-13T14:40:00Z
2018-04-03,Tue,N,2018,Q2,Dusk,Baltimore City,24,Intersection,Same Movement Angle,Wet,No Defects,"Two-way, Divided, Unprotected (painted >4 feet) Median",Not Applicable,ADI367000W,20180403,17:07:00,Yes,Y,N,1,Not Applicable,0,NA,0,NA,NA,2200 E. LOMBARD ST,0,F,N,NA,100 S COLLINGTON ST,39.2906397509648,-76.5861614048481,Point,,Property Damage Crash,Raining,NA,NA,N,N,NA,2018-04-03T17:07:00Z
2017-08-20,Sun,Y,2017,Q3,Daylight,Baltimore City,24,Non Intersection,Same Direction Left Turn,Dry,No Defects,"Two-way, Not Divided",Not Applicable,ADG9140031,20170820,13:22:00,No,N,N,1,Other Vehicle,1,NA,0,NA,NA,1900 ORLEANS ST,0,F,E,NA,400 N WOLFE ST,39.2952677695727,-76.5907144546509,Point,,Property Damage Crash,Clear,NA,NA,N,N,NA,2017-08-20T13:22:00Z
2016-04-13,Wed,N,2016,Q2,Other,Baltimore City,24,NA,Unknown,NA,NA,NA,Not Applicable,ADI668001R,20160413,15:35:00,No,N,N,2,Not Applicable,0,NA,NA,NA,NA,NA,NA,NA,NA,NA,NA,39.2951702096546,-76.5924793481827,Point,,Property Damage Crash,NA,NA,NA,N,N,NA,2016-04-13T15:35:00Z
2017-05-01,Mon,N,2017,Q2,Daylight,Baltimore City,24,Intersection,Same Movement Angle,Dry,No Defects,Not Applicable,Not Applicable,ADJ457003F,20170501,18:05:00,Yes,Y,N,1,Other Vehicle,1,NA,0,NA,NA,1900 E LOMBARD ST,0,F,W,NA,100 S ANN ST,39.2904498078064,-76.5917122364044,Point,,Property Damage Crash,Clear,NA,NA,N,N,NA,2017-05-01T18:05:00Z
2017-02-17,Fri,N,2017,Q1,Daylight,Baltimore City,24,Non Intersection,Not Applicable,Dry,No Defects,One-way Trafficway,Light Support Pole,ADJ575001J,20170217,15:03:00,No,N,N,9,Not Applicable,0,40,5.26,East,E,ORLEANS ST,10,F,W,40,FRANKLIN ST (WB COUPLET) (BACK),39.2953258903104,-76.5901565551758,Point,,Property Damage Crash,Not Applicable,NA,NA,N,N,NA,2017-02-17T15:03:00Z
2015-03-05,Thu,N,2015,Q1,Daylight,Baltimore City,24,Non Intersection,Same Direction Sideswipe,Snow,Unknown,"Two-way, Not Divided",Not Applicable,ADI9540004,20150305,17:00:00,No,N,N,0,Not Applicable,0,1680,0.864,West,W,E FAYETTE ST,0,U,W,NA,N MADEIRA ST,39.2942631034817,-76.5857201814651,Point,,NA,NA,NA,NA,N,N,NA,2015-03-05T17:00:00Z
2019-07-02,Tue,N,2019,Q3,Daylight,Baltimore City,24,Intersection,Same Direction Rear End,Dry,No Defects,"Two-way, Not Divided",Not Applicable,ADJ8750028,20190702,08:40:00,Yes,Y,N,1,Other Vehicle,1,NA,0,NA,NA,E BALTIMORE,0,F,W,NA,N WOLFE ST,39.29178605,-76.5916368420051,Point,,Property Damage Crash,NA,NA,NA,N,N,NA,2019-07-02T08:40:00Z
2019-05-11,Sat,Y,2019,Q2,Daylight,Baltimore City,24,Intersection,Same Movement Angle,Dry,No Defects,"Two-way, Divided, Unprotected (painted >4 feet) Median",Fence,ADJ768004T,20190511,08:10:00,Yes,Y,N,1,Fixed Object,9,NA,0,NA,NA,BONAPARTE,0,F,E,NA,AISQUITH,39.2942019142942,-76.5863683278878,Point,,Property Damage Crash,Clear,NA,NA,N,N,NA,2019-05-11T08:10:00Z
2018-10-11,Thu,N,2018,Q4,Dark Lights On,Baltimore City,24,Not Applicable,Same Direction Right Turn,Wet,No Defects,One-way Trafficway,Not Applicable,ADJ9320007,20181011,18:50:00,No,N,N,1,Other Vehicle,1,1025,1.48,South,S,N WOLFE ST,10,F,N,1680,E FAYETTE ST,39.2940812652187,-76.5902472901262,Point,,Property Damage Crash,Raining,NA,NA,N,N,NA,2018-10-11T18:50:00Z
2015-01-08,Thu,N,2015,Q1,Dark Lights On,Baltimore City,24,NA,Single Vehicle,Wet,No Defects,"Two-way, Divided, Unprotected (painted >4 feet) Median",Not Applicable,ADI7030002,20150108,17:50:00,Yes,Y,N,4,Not Applicable,0,1680,0.968,West,W,E FAYETTE ST,0,F,W,NA,N CHESTER ST,39.2941883756758,-76.5874850749969,Point,,NA,NA,NA,NA,N,N,NA,2015-01-08T17:50:00Z
2017-10-29,Sun,Y,2017,Q4,Dark Lights On,Baltimore City,24,Intersection,Same Movement Angle,Wet,No Defects,"Two-way, Not Divided",Not Applicable,ADG4450059,20171029,20:20:00,Yes,Y,N,1,Not Applicable,0,1665,1.266,East,E,E BALTIMORE ST,0,F,E,0,S ANN ST,39.2916133313055,-76.5917725861073,Point,,Property Damage Crash,Raining,NA,NA,N,N,NA,2017-10-29T20:20:00Z
2018-08-30,Thu,N,2018,Q3,Daylight,Baltimore City,24,Non Intersection,Other,Not Applicable,No Defects,"Two-way, Not Divided",Not Applicable,ADJ8380021,20180830,10:00:00,No,N,N,2,Not Applicable,0,NA,0,NA,NA,LAMLEY,200,F,W,NA,N WOLF ST,39.2934621262368,-76.5915283178084,Point,,Property Damage Crash,Not Applicable,NA,NA,N,N,NA,2018-08-30T10:00:00Z
2018-04-10,Tue,N,2018,Q2,Daylight,Baltimore City,24,Non Intersection,Same Direction Left Turn,Dry,No Defects,One-way Trafficway,Not Applicable,ADE459007K,20180410,14:20:00,Yes,Y,N,1,Not Applicable,0,NA,0,NA,NA,500 N WOLF ST,20,F,S,NA,1900 JEFFERSON ST,39.2964509322267,-76.5907734632492,Point,,Property Damage Crash,Clear,NA,NA,N,N,NA,2018-04-10T14:20:00Z
2017-06-12,Mon,N,2017,Q2,Daylight,Baltimore City,24,Intersection,Same Direction Rear End,Dry,No Defects,"Two-way, Not Divided",Not Applicable,ADJ457003M,20170612,19:33:00,Yes,Y,N,1,Other Vehicle,1,NA,0,NA,NA,2000 E FAYETTE ST,0,F,E,NA,100 N WASHINGTON ST,39.2953217388308,-76.5894444286823,Point,,Property Damage Crash,Clear,NA,NA,N,N,NA,2017-06-12T19:33:00Z
2015-02-21,Sat,Y,2015,Q1,Dark Lights On,Baltimore City,24,Intersection,Same Movement Angle,Snow,No Defects,One-way Trafficway,Not Applicable,ADI7030008,20150221,18:00:00,Yes,Y,N,1,Not Applicable,0,1087,0.257,North,N,N WASHINGTON ST,0,F,N,40,ORLEANS ST,39.2954006169023,-76.5893733501434,Point,,NA,NA,NA,NA,N,N,NA,2015-02-21T18:00:00Z
2015-03-14,Sat,Y,2015,Q1,Daylight,Baltimore City,24,Intersection Related,Other,Wet,Not Applicable,"Two-way, Not Divided",Not Applicable,ADI1370006,20150314,11:24:00,Yes,Y,N,1,Not Applicable,0,1410,1.38,South,S,N PATTERSON PARK AVE,5,F,S,1680,E FAYETTE ST,39.2942568761676,-76.5848886966705,Point,,NA,Raining,NA,NA,N,N,NA,2015-03-14T11:24:00Z
2016-04-20,Wed,N,2016,Q2,Daylight,Baltimore City,24,Intersection,Same Movement Angle,Dry,No Defects,"Two-way, Not Divided",Not Applicable,ADI5610019,20160420,08:20:00,No,N,N,1,Not Applicable,0,NA,0,NA,NA,MONTFIRD,0,F,N,NA,JEFFERSON,39.2966709567609,-76.5835958719254,Point,,Injury Crash,NA,NA,NA,N,N,NA,2016-04-20T08:20:00Z
2017-03-03,Fri,N,2017,Q1,Dark Lights On,Baltimore City,24,Intersection,Same Movement Angle,Dry,No Defects,"Two-way, Not Divided",Not Applicable,ADH8570012,20170303,23:01:00,No,N,N,1,Not Applicable,0,1665,1.564,East,E,E BALTIMORE ST,0,F,E,0,S COLLINGTON AVE,39.2918302572772,-76.5862217545509,Point,,Property Damage Crash,Clear,NA,NA,N,N,NA,2017-03-03T23:01:00Z
2015-03-20,Fri,N,2015,Q1,Daylight,Baltimore City,24,Intersection,Same Direction Rear End,Wet,No Defects,"Two-way, Not Divided",Not Applicable,ADJ2030008,20150320,11:18:00,Yes,Y,N,1,Backing,19,1665,1.337,East,E,E BALTIMORE ST,0,F,E,1027,S WOLFE ST,39.2916475828194,-76.5907037258148,Point,,NA,NA,NA,NA,N,N,NA,2015-03-20T11:18:00Z
2015-04-09,Thu,N,2015,Q2,Daylight,Baltimore City,24,Non Intersection,Same Direction Left Turn,Dry,No Defects,"Two-way, Divided, Positive Median Barrier",Not Applicable,ADJ6630008,20150409,10:30:00,No,N,N,0,Not Applicable,0,40,6.7,East,E,ORLEANS ST,0,F,E,NA,N CHESTER ST,39.2953591021389,-76.5876352787018,Point,,NA,Not Applicable,NA,NA,N,N,NA,2015-04-09T10:30:00Z
2016-02-07,Sun,Y,2016,Q1,Daylight,Baltimore City,24,Intersection Related,Same Direction Rear End Right Turn,Dry,No Defects,"Two-way, Not Divided",Not Applicable,ADJ2680014,20160207,15:51:00,Yes,Y,N,1,Other Vehicle,1,1415,0,South,S,S PATTERSON PARK AVE,5,F,S,1665,E BALTIMORE ST,39.2918707362119,-76.584696918726,Point,,Property Damage Crash,NA,NA,NA,N,N,NA,2016-02-07T15:51:00Z
2017-04-08,Sat,Y,2017,Q2,Dark Lights On,Baltimore City,24,Non Intersection,Same Direction Sideswipe,Dry,No Defects,"Two-way, Divided, Unprotected (painted >4 feet) Median",Not Applicable,ADG5810008,20170408,03:05:00,No,N,N,2,Parked Vehicle,2,NA,0,NA,NA,UNIT S PATTERSON,10,F,N,NA,2200 BLK BOYER ST,39.291250056642,-76.5846499800682,Point,,Injury Crash,Not Applicable,NA,NA,N,N,NA,2017-04-08T03:05:00Z
2018-02-27,Tue,N,2018,Q1,Daylight,Baltimore City,24,Intersection,Same Direction Right Turn,Dry,No Defects,"Two-way, Not Divided",Not Applicable,ADJ862001J,20180227,15:50:00,No,N,N,1,Other Vehicle,1,NA,0,NA,NA,2300 ORLEANS,0,F,N,NA,200 N PATERSON PARK,39.2955023279686,-76.5848565101624,Point,,Property Damage Crash,Cloudy,NA,NA,N,N,NA,2018-02-27T15:50:00Z
2017-05-08,Mon,N,2017,Q2,Daylight,Baltimore City,24,Intersection Related,Same Movement Angle,Dry,No Defects,"Two-way, Divided, Unprotected (painted >4 feet) Median",Not Applicable,ADI151000J,20170508,06:39:00,Yes,Y,N,1,Other Vehicle,1,1410,1.29,South,S,N PATTERSON PARK AVE,0,F,N,40,ORLEANS ST,39.2955127066405,-76.5849477052689,Point,,Property Damage Crash,Clear,NA,NA,N,N,NA,2017-05-08T06:39:00Z
2016-04-10,Sun,Y,2016,Q2,Daylight,Baltimore City,24,Non Intersection,Same Direction Sideswipe,Dry,No Defects,"Two-way, Not Divided",Not Applicable,ADJ013002M,20160410,15:55:00,Yes,Y,N,1,Not Applicable,0,1680,1.07,West,W,E FAYETTE ST,30,F,E,1087,N WASHINGTON ST,39.2941499738556,-76.5892218053341,Point,,Property Damage Crash,NA,NA,NA,N,N,NA,2016-04-10T15:55:00Z
2016-02-02,Tue,N,2016,Q1,Dark Lights On,Baltimore City,24,Intersection,Same Direction Rear End,Dry,No Defects,"Two-way, Divided, Unprotected (painted >4 feet) Median",Not Applicable,ADJ385002Q,20160202,22:40:00,Yes,Y,N,1,Not Applicable,0,1680,0.83,West,W,E FAYETTE ST,0,F,W,1410,N PATTERSON PARK AVE,39.294392088916,-76.5847009420395,Point,,Property Damage Crash,NA,NA,NA,N,N,NA,2016-02-02T22:40:00Z
2015-03-02,Mon,N,2015,Q1,Dark Lights On,Baltimore City,24,Intersection Related,Same Direction Sideswipe,Ice,No Defects,"Two-way, Not Divided",Not Applicable,ADH608000B,20150302,00:30:00,No,N,N,2,Parked Vehicle,2,1665,1.5,East,E,E BALTIMORE ST,40,F,E,NA,S CHESTER ST,39.2917389201079,-76.5871524810791,Point,,NA,Wintry Mix,NA,NA,N,N,NA,2015-03-02T00:30:00Z
2016-08-08,Mon,N,2016,Q3,Dark Lights On,Baltimore City,24,Intersection,Other,Not Applicable,Not Applicable,Not Applicable,Not Applicable,ADI5760015,20160808,18:15:00,Yes,Y,N,0,Not Applicable,0,NA,0,NA,NA,PATTERSON PARK AVE,0,F,U,NA,E FAYETTE ST,39.29430565678,-76.5848712623119,Point,,Property Damage Crash,NA,NA,NA,N,N,NA,2016-08-08T18:15:00Z
2018-05-10,Thu,N,2018,Q2,Daylight,Baltimore City,24,Intersection,Same Direction Rear End,Wet,No Defects,"Two-way, Not Divided",Not Applicable,ADJ749001Y,20180510,18:00:00,Yes,Y,N,1,Not Applicable,0,NA,0,NA,NA,2300 ORLEANS ST,0,F,W,NA,200 N PATTERSON PARK,39.2955147823747,-76.5849316120148,Point,,Property Damage Crash,Raining,NA,NA,N,N,NA,2018-05-10T18:00:00Z
2018-01-26,Fri,N,2018,Q1,Dawn,Baltimore City,24,Intersection,Other,Dry,No Defects,"Two-way, Divided, Unprotected (painted >4 feet) Median",NA,MTA0347000M,20180126,06:24:00,Yes,Y,N,3,Not Applicable,0,1087,0.167,North,N,N WASHINGTON ST,0,F,N,1680,E FAYETTE ST,39.2940389198247,-76.5892446041107,Point,,Injury Crash,Clear,NA,NA,N,N,NA,2018-01-26T06:24:00Z
2016-09-12,Mon,N,2016,Q3,Dark Lights On,Baltimore City,24,Intersection Related,Same Direction Rear End,Dry,No Defects,One-way Trafficway,Not Applicable,ADG970000Y,20160912,23:54:00,Yes,Y,N,1,Other Vehicle,1,NA,0,NA,NA,CHESTER,0,U,U,NA,FAIRMOUNT,39.2928764745368,-76.5874850749969,Point,,Injury Crash,Other,NA,NA,N,N,NA,2016-09-12T23:54:00Z
2016-05-17,Tue,N,2016,Q2,NA,Baltimore City,24,Non Intersection,Same Direction Rear End,Wet,No Defects,"Two-way, Not Divided",Not Applicable,ADI668001X,20160517,19:20:00,No,N,N,1,Not Applicable,0,40,6.643,East,E,ORLEANS ST,0,U,W,0,N CASTLE ST,39.2953793405891,-76.5884982794523,Point,,Injury Crash,NA,NA,NA,N,N,NA,2016-05-17T19:20:00Z
2017-05-29,Mon,N,2017,Q2,Daylight,Baltimore City,24,Not Applicable,Head On Left Turn,Wet,No Defects,"Two-way, Divided, Unprotected (painted >4 feet) Median",NA,ADJ818000K,20170529,07:46:00,Yes,Y,N,1,Fixed Object,9,NA,0,NA,NA,ORLEANS ST,100,F,E,NA,N WASHINGTON ST,39.2953310796597,-76.5894122421741,Point,,Injury Crash,Raining,NA,NA,N,N,NA,2017-05-29T07:46:00Z
2017-04-01,Sat,Y,2017,Q2,Daylight,Baltimore City,24,Intersection,Same Movement Angle,Dry,No Defects,"Two-way, Not Divided",Not Applicable,ADI824001B,20170401,13:00:00,Yes,Y,N,1,Other Vehicle,1,NA,0,NA,NA,ORLEANS ST.,0,F,E,NA,N.PATTERSON PARK AVE.,39.295500252234,-76.584969162941,Point,,Injury Crash,Clear,NA,NA,N,N,NA,2017-04-01T13:00:00Z
2015-07-25,Sat,Y,2015,Q3,Daylight,Baltimore City,24,Intersection Related,Same Direction Rear End,Dry,No Defects,"Two-way, Divided, Unprotected (painted >4 feet) Median",Not Applicable,ADH4830003,20150725,11:50:00,Yes,Y,N,1,Not Applicable,0,40,6.753,East,E,ORLEANS ST,5,F,W,0,N COLLINGTON AVE,39.2954711919436,-76.5863800048828,Point,,NA,NA,NA,NA,N,N,NA,2015-07-25T11:50:00Z
2017-12-08,Fri,N,2017,Q4,Dark Lights On,Baltimore City,24,Intersection,Same Direction Left Turn,Dry,No Defects,"Two-way, Divided, Unprotected (painted >4 feet) Median",Not Applicable,ADE459006M,20171208,18:00:00,Yes,Y,N,1,Not Applicable,0,NA,0,NA,NA,1900 ORLEANS ST,0,F,E,NA,400 N WASHINGTON ST,39.2953393826176,-76.5896308422089,Point,,Property Damage Crash,Clear,NA,NA,N,N,NA,2017-12-08T18:00:00Z
2018-05-10,Thu,N,2018,Q2,Daylight,Baltimore City,24,Intersection Related,Same Movement Angle,Dry,No Defects,"Two-way, Divided, Unprotected (painted >4 feet) Median",Not Applicable,ADK0400002,20180510,17:49:00,Yes,Y,N,1,Not Applicable,0,40,6.643,East,E,ORLEANS ST,0,F,W,0,N CASTLE ST,39.2953757080472,-76.5885143727064,Point,,Injury Crash,Not Applicable,NA,NA,N,N,NA,2018-05-10T17:49:00Z
2016-04-25,Mon,N,2016,Q2,Daylight,Baltimore City,24,Not Applicable,Same Direction Rear End,Dry,No Defects,One-way Trafficway,Not Applicable,ADG625000Q,20160425,13:14:00,Yes,Y,N,0,Not Applicable,0,1025,1.48,South,S,N WOLFE ST,0,U,S,1680,E FAYETTE ST,39.2946637261925,-76.5906554460526,Point,,Property Damage Crash,NA,NA,NA,N,N,NA,2016-04-25T13:14:00Z
2018-02-07,Wed,N,2018,Q1,Dark Lights On,Baltimore City,24,Not Applicable,Other,Unknown,No Defects,One-way Trafficway,Not Applicable,ADF8530039,20180207,22:10:00,No,N,N,3,Not Applicable,0,40,6.6,East,E,ORLEANS ST,0,U,E,1087,N WASHINGTON ST,39.2954587375297,-76.5894055366516,Point,,Injury Crash,Clear,NA,NA,N,N,NA,2018-02-07T22:10:00Z
2019-02-02,Sat,Y,2019,Q1,Dark Lights On,Baltimore City,24,Not Applicable,Single Vehicle,Dry,No Defects,"Two-way, Divided, Unprotected (painted >4 feet) Median",Not Applicable,ADH839004W,20190202,22:17:00,Yes,Y,N,3,Not Applicable,0,40,6.84,East,E,ORLEANS ST,5,F,E,1410,N PATTERSON PARK AVE,39.2955134662362,-76.5849206835044,Point,,Injury Crash,Clear,NA,NA,N,N,NA,2019-02-02T22:17:00Z
2015-03-07,Sat,Y,2015,Q1,Unknown,Baltimore City,24,Non Intersection,Same Direction Sideswipe,Wet,No Defects,One-way Trafficway,Not Applicable,ADI601000C,20150307,10:00:00,No,N,N,2,Not Applicable,0,40,6.753,East,E,ORLEANS ST,0,F,E,NA,N COLLINGTON AVE,39.2956746137234,-76.5864443778992,Point,,NA,Unknown,NA,NA,N,N,NA,2015-03-07T10:00:00Z
2016-07-28,Thu,N,2016,Q3,Dark Lights On,Baltimore City,24,Intersection Related,Same Movement Angle,Wet,No Defects,One-way Trafficway,Not Applicable,ADI4350004,20160728,20:18:00,Yes,Y,N,1,Other Vehicle,1,NA,0,NA,NA,1900 JEFFERSON,10,F,S,NA,500 N WOLFE ST,39.2963824338815,-76.5908794105053,Point,,Property Damage Crash,Raining,NA,NA,N,N,NA,2016-07-28T20:18:00Z