crash_date,dotw,weekend,year,quarter,light_desc,county_desc,county_no,junction_desc,collision_type_desc,surf_cond_desc,rd_cond_desc,rd_div_desc,fix_obj_desc,report_no,acc_date,acc_time,signal_flag_desc,signal_flag,c_m_zone_flag,harm_event_code1,harm_event_desc2,harm_event_code2,rte_no,log_mile,logmile_dir_flag_desc,logmile_dir_flag,mainroad_name,distance,feet_miles_flag,distance_dir_flag,reference_no,reference_road_name,latitude,longitude,geocoded_column_type,geocoded_column_coordinates,report_type,weather_desc,feet_miles_flag_desc,reference_suffix,ped_injury,fatal_injury,harm_event_desc1,crash_datetime
2017-02-02,Thu,N,2017,Q1,Dark Lights On,Baltimore City,24,Intersection,Same Movement Angle,Dry,No Defects,"Two-way, Divided, Unprotected (painted >4 feet) Median",Not Applicable,ADH5090015,20170202,19:50:00,Yes,Y,N,4,Other Vehicle,1,1390,0.24,West,W,E LOMBARD ST,0,F,W,1085,S WASHINGTON ST,39.2905837022175,-76.5889857709408,Point,,Property Damage Crash,Clear,NA,NA,N,N,NA,2017-02-02T19:50:00Z
2019-02-20,Wed,N,2019,Q1,Daylight,Baltimore City,24,Intersection,Same Direction Right Turn,Snow,No Defects,"Two-way, Not Divided",Not Applicable,ADJ114002S,20190220,08:50:00,No,N,N,1,Not Applicable,0,40,6.643,East,E,ORLEANS ST,0,F,E,0,N CASTLE ST,39.2953607940459,-76.5885599161651,Point,,Property Damage Crash,Snow,NA,NA,N,N,NA,2019-02-20T08:50:00Z
2018-07-17,Tue,N,2018,Q3,Daylight,Baltimore City,24,Non Intersection,Same Direction Left Turn,Dry,No Defects,One-way Trafficway,Not Applicable,ADH5090023,20180717,12:30:00,No,N,N,1,Other Vehicle,1,1390,0.15,West,W,E LOMBARD ST,200,F,E,0,S CHESTER ST,39.2907383551334,-76.5873429179192,Point,,Property Damage Crash,Cloudy,NA,NA,N,N,NA,2018-07-17T12:30:00Z
2017-06-02,Fri,N,2017,Q2,Daylight,Baltimore City,24,Intersection Related,Same Movement Angle,Dry,No Defects,"Two-way, Not Divided",Not Applicable,ADF6790009,20170602,06:57:00,Yes,Y,N,1,Other Vehicle,1,40,6.84,East,E,ORLEANS ST,0,F,E,1410,N PATTERSON PARK AVE,39.2955127066405,-76.5849262475967,Point,,Injury Crash,Clear,NA,NA,N,N,NA,2017-06-02T06:57:00Z
2017-08-10,Thu,N,2017,Q3,Unknown,Baltimore City,24,Not Applicable,Same Direction Both Left Turn,Not Applicable,No Defects,Not Applicable,Not Applicable,ADI9730026,20170810,10:14:00,No,N,N,1,Parked Vehicle,2,NA,0,NA,NA,ANN,0,F,S,NA,BALTIMORE,39.291572852222,-76.5917551517487,Point,,Property Damage Crash,Not Applicable,NA,NA,N,N,NA,2017-08-10T10:14:00Z
2017-06-12,Mon,N,2017,Q2,Daylight,Baltimore City,24,Intersection,Same Movement Angle,Dry,No Defects,"Two-way, Not Divided",Not Applicable,ADF648000B,20170612,18:45:00,Yes,Y,N,1,Pedestrian,3,NA,0,NA,NA,2400 E FAIRMONT AVE,0,F,W,NA,100 E PATERSON PK AVE,39.2930072505952,-76.5847291052341,Point,,Injury Crash,Clear,NA,NA,Y,N,NA,2017-06-12T18:45:00Z
2017-05-13,Sat,Y,2017,Q2,Dark Lights On,Baltimore City,24,Intersection Related,Same Direction Rear End,Wet,No Defects,"Two-way, Not Divided",Not Applicable,ADF5490018,20170513,02:20:00,Yes,Y,N,1,Not Applicable,0,40,6.6,East,E,ORLEANS ST,20,F,E,1087,N WASHINGTON ST,39.2953352311388,-76.5894712507725,Point,,Property Damage Crash,Raining,NA,NA,N,N,NA,2017-05-13T02:20:00Z
2016-08-15,Mon,N,2016,Q3,Dark Lights On,Baltimore City,24,Non Intersection,Same Direction Rear End,Dry,No Defects,One-way Trafficway,Not Applicable,ADJ268002B,20160815,20:10:00,No,N,N,1,Other Vehicle,1,1027,0.08,South,S,S WOLFE ST,20,F,N,1390,E LOMBARD ST,39.2906605097487,-76.5903912484646,Point,,Property Damage Crash,NA,NA,NA,N,N,NA,2016-08-15T20:10:00Z
2017-12-30,Sat,Y,2017,Q4,Daylight,Baltimore City,24,Intersection,Same Movement Angle,Snow,No Defects,"Two-way, Divided, Unprotected (painted >4 feet) Median",Not Applicable,ADJ763002D,20171230,08:30:00,Yes,Y,N,1,Parked Vehicle,2,40,6.53,East,E,ORLEANS ST,0,F,E,1025,N WOLFE ST,39.295282818697,-76.590693667531,Point,,Property Damage Crash,Snow,NA,NA,N,N,NA,2017-12-30T08:30:00Z
2019-05-31,Fri,N,2019,Q2,Daylight,Baltimore City,24,Intersection,Same Movement Angle,Dry,No Defects,"Two-way, Not Divided",Not Applicable,ADJ457004H,20190531,07:56:00,Yes,Y,N,1,Other Vehicle,1,NA,0,NA,NA,2300 E FAYETTE ST,0,F,W,NA,200 N MONTFORD AVE,39.2944754,-76.584710668608,Point,,Injury Crash,Clear,NA,NA,N,N,NA,2019-05-31T07:56:00Z
2019-02-26,Tue,N,2019,Q1,Daylight,Baltimore City,24,Not Applicable,Same Direction Rear End,Dry,No Defects,"Two-way, Not Divided",Not Applicable,ADJ892001X,20190226,17:00:00,No,N,N,1,Not Applicable,0,NA,0,NA,NA,N MONTFORD AVE,20,F,N,NA,ORLEANS ST,39.2956447602985,-76.5835095253706,Point,,Property Damage Crash,Clear,NA,NA,N,N,NA,2019-02-26T17:00:00Z
2017-05-08,Mon,N,2017,Q2,Daylight,Baltimore City,24,Non Intersection,Same Direction Rear End,Dry,No Defects,One-way Trafficway,Not Applicable,ADJ133002B,20170508,14:30:00,No,N,N,1,Not Applicable,0,3005,0.673,West,W,FAIRMOUNT AVE,20,F,W,0,COLLINGTON AVE,39.2928204275799,-76.5887551009655,Point,,Property Damage Crash,Clear,NA,NA,N,N,NA,2017-05-08T14:30:00Z
2015-06-11,Thu,N,2015,Q2,Daylight,Baltimore City,24,Non Intersection,Unknown,Dry,No Defects,"Two-way, Not Divided",Not Applicable,ADJ370000F,20150611,07:45:00,No,N,N,2,Not Applicable,0,NA,NA,NA,NA,JEFFERSON ST,0,F,NA,NA,N. DUNCAN ST,39.2966201575353,-76.5874555706978,Point,,NA,Not Applicable,NA,NA,N,N,NA,2015-06-11T07:45:00Z
2018-09-22,Sat,Y,2018,Q3,Daylight,Baltimore City,24,Non Intersection,Same Direction Rear End,Dry,No Defects,One-way Trafficway,Not Applicable,ADK0720003,20180922,11:00:00,No,N,N,1,Not Applicable,0,NA,0,NA,NA,WASHINGTON,50,F,N,NA,JEFERSON,39.2963296488373,-76.5894738072424,Point,,Property Damage Crash,Clear,NA,NA,N,N,NA,2018-09-22T11:00:00Z
2018-12-05,Wed,N,2018,Q4,Daylight,Baltimore City,24,Intersection,Head On Left Turn,Dry,No Defects,"Two-way, Not Divided",Not Applicable,ADG9140042,20181205,12:51:00,No,N,N,1,Other Vehicle,1,NA,0,NA,NA,E FAYETTE,0,F,E,NA,N. CASTLE,39.2942133081483,-76.5884402134225,Point,,Property Damage Crash,Clear,NA,NA,N,N,NA,2018-12-05T12:51:00Z
2018-02-10,Sat,Y,2018,Q1,Dark Lights On,Baltimore City,24,Intersection,Same Movement Angle,Dry,No Defects,"Two-way, Not Divided",NA,ADJ842000J,20180210,05:16:00,Yes,Y,N,1,Parked Vehicle,2,1665,1.407,East,E,E BALTIMORE ST,0,F,E,1085,S WASHINGTON ST,39.2916890997835,-76.5890997648239,Point,,Property Damage Crash,Clear,NA,NA,N,N,NA,2018-02-10T05:16:00Z
2016-01-14,Thu,N,2016,Q1,Daylight,Baltimore City,24,Non Intersection,Same Direction Left Turn,Dry,No Defects,"Two-way, Not Divided",Not Applicable,ADJ424001C,20160114,14:15:00,No,N,N,1,Not Applicable,0,3006,0.18,West,W,FAIRMOUNT AVE,250,F,E,1445,N BROADWAY,39.2926782341732,-76.5925879776478,Point,,Property Damage Crash,NA,NA,NA,N,N,NA,2016-01-14T14:15:00Z
2016-07-25,Mon,N,2016,Q3,Daylight,Baltimore City,24,Non Intersection,Not Applicable,Dry,No Defects,Not Applicable,Not Applicable,ADH154001P,20160725,18:00:00,No,N,N,1,Other Vehicle,1,NA,0,NA,NA,1900 E. LOMBARD ST,100,F,W,NA,200 S. WOLFE ST,39.2905318051893,-76.5902316570282,Point,,Property Damage Crash,NA,NA,NA,N,N,NA,2016-07-25T18:00:00Z
2016-11-20,Sun,Y,2016,Q4,Daylight,Baltimore City,24,Non Intersection,Same Direction Rear End,Dry,No Defects,"Two-way, Divided, Positive Median Barrier",Not Applicable,ADJ294001L,20161120,06:59:00,Yes,Y,N,1,Other Vehicle,1,40,6.53,East,E,ORLEANS ST,100,F,E,1025,N WOLFE ST,39.2951764368875,-76.592726111412,Point,,Property Damage Crash,Severe Winds,NA,NA,N,N,NA,2016-11-20T06:59:00Z
2015-04-05,Sun,Y,2015,Q2,Daylight,Baltimore City,24,Intersection,Same Movement Angle,Dry,No Defects,One-way Trafficway,Not Applicable,ADI2180003,20150405,14:30:00,Yes,Y,N,1,Not Applicable,0,40,6.6,East,E,ORLEANS ST,0,F,E,1087,N WASHINGTON ST,39.2953155116108,-76.5894216299057,Point,,NA,NA,NA,NA,N,N,NA,2015-04-05T14:30:00Z
2020-05-06,Wed,N,2020,Q2,Daylight,Baltimore City,24,Intersection,Same Direction Rear End,Wet,No Defects,"Two-way, Not Divided",Not Applicable,ADJ114003H,20200506,12:45:00,Yes,Y,N,1,Not Applicable,0,40,6.53,East,E,ORLEANS ST,0,F,E,1025,N WOLFE ST,39.2952920343346,-76.5906326630514,Point,,Property Damage Crash,Raining,Feet,NA,N,N,Other Vehicle,2020-05-06T12:45:00Z
2020-05-19,Tue,N,2020,Q2,Daylight,Baltimore City,24,Non Intersection,Other,Dry,No Defects,"Two-way, Divided, Unprotected (painted >4 feet) Median",Not Applicable,ADK2690018,20200519,13:30:00,No,N,N,2,Not Applicable,0,NA,0,NA,NA,S PATTERSON PARK,15,F,S,NA,EASTERN AVE,39.2900206660143,-76.5846455016607,Point,,Property Damage Crash,NA,Feet,NA,N,N,Parked Vehicle,2020-05-19T13:30:00Z
2020-06-26,Fri,N,2020,Q2,Dark Lights On,Baltimore City,24,Intersection,Angle Meets Left Turn,Dry,No Defects,"Two-way, Not Divided",Not Applicable,MTA04410003,20200626,00:23:00,No,N,N,1,Not Applicable,0,1680,1.07,West,W,E FAYETTE ST,0,F,W,1087,N WASHINGTON ST,39.2941147062904,-76.5893013101259,Point,,Injury Crash,NA,Feet,NA,N,N,Other Vehicle,2020-06-26T00:23:00Z
2020-04-25,Sat,Y,2020,Q2,Daylight,Baltimore City,24,Intersection,Same Movement Angle,Dry,No Defects,"Two-way, Divided, Unprotected (painted >4 feet) Median",Building,ADH36400CT,20200425,19:00:00,Yes,Y,N,1,Fixed Object,9,1665,1.407,East,E,E BALTIMORE ST,0,F,E,1085,S WASHINGTON ST,39.2917126146037,-76.5891533445348,Point,,Injury Crash,NA,Feet,NA,N,N,Other Vehicle,2020-04-25T19:00:00Z
2020-04-25,Sat,Y,2020,Q2,Dark Lights On,Baltimore City,24,NA,Same Direction Rear End,Dry,No Defects,"Two-way, Divided, Positive Median Barrier",Not Applicable,ADJ928000S,20200425,01:36:00,Yes,Y,N,1,Not Applicable,0,40,6.463,East,E,ORLEANS ST,0,F,W,0,CROSSOVER,39.2953722468399,-76.5921206503595,Point,,Property Damage Crash,NA,Feet,NA,N,N,Other Vehicle,2020-04-25T01:36:00Z
2020-04-14,Tue,N,2020,Q2,Dark Lights On,Baltimore City,24,Intersection,Same Direction Rear End,Dry,No Defects,"Two-way, Not Divided",Not Applicable,ADK0790015,20200414,01:11:00,Yes,Y,N,1,Not Applicable,0,NA,0,NA,NA,ORLEANS ST,0,F,W,NA,N PATTERSON PK,39.295513,-76.584938,Point,,Property Damage Crash,Not Applicable,Feet,NA,N,N,Other Vehicle,2020-04-14T01:11:00Z
2020-04-16,Thu,N,2020,Q2,Daylight,Baltimore City,24,Intersection,Same Direction Left Turn,Dry,No Defects,"Two-way, Not Divided",Not Applicable,ADK283000H,20200416,16:40:00,Yes,Y,N,1,Not Applicable,0,40,6.7,East,E,ORLEANS ST,0,F,E,0,N CHESTER ST,39.2954018383072,-76.5875305303601,Point,,Property Damage Crash,NA,Feet,NA,N,N,Other Vehicle,2020-04-16T16:40:00Z
2020-06-22,Mon,N,2020,Q2,Daylight,Baltimore City,24,Non Intersection,Other,Dry,No Defects,One-way Trafficway,Not Applicable,MTA04380003,20200622,08:45:00,No,N,N,3,Not Applicable,0,1087,0.167,North,N,N WASHINGTON ST,40,F,N,1680,E FAYETTE ST,39.294249,-76.58943,Point,,Injury Crash,NA,Feet,NA,Y,N,Pedestrian,2020-06-22T08:45:00Z
2020-06-03,Wed,N,2020,Q2,Dark Lights On,Baltimore City,24,Intersection Related,Same Direction Rear End,Dry,No Defects,"Two-way, Divided, Positive Median Barrier",Not Applicable,ADG503001M,20200603,23:25:00,Yes,Y,N,1,Not Applicable,0,NA,0,NA,NA,1800 ORLEANS STREET,200,F,W,NA,400 WOLFE STREET,39.2953665388378,-76.5917188133072,Point,,Property Damage Crash,NA,Feet,NA,N,N,Other Vehicle,2020-06-03T23:25:00Z
2020-05-02,Sat,Y,2020,Q2,Daylight,Baltimore City,24,Intersection,Same Movement Angle,Dry,No Defects,"Two-way, Divided, Unprotected (painted >4 feet) Median",Not Applicable,ADK3790004,20200502,15:37:00,Yes,Y,N,1,Not Applicable,0,40,6.643,East,E,ORLEANS ST,0,F,E,0,N CASTLE ST,39.2953551225652,-76.5884874054248,Point,,Injury Crash,NA,Feet,NA,N,N,Other Vehicle,2020-05-02T15:37:00Z
2020-06-04,Thu,N,2020,Q2,Dark Lights On,Baltimore City,24,Not Applicable,Same Direction Rear End,Wet,No Defects,"Two-way, Not Divided",Not Applicable,ADJ928000V,20200604,23:59:00,Yes,Y,N,1,Not Applicable,0,40,6.7,East,E,ORLEANS ST,0,F,W,0,N CHESTER ST,39.2954247464702,-76.5876009081454,Point,,Property Damage Crash,Raining,Feet,NA,N,N,Other Vehicle,2020-06-04T23:59:00Z
2020-05-08,Fri,N,2020,Q2,Daylight,Baltimore City,24,Intersection,Single Vehicle,Wet,No Defects,"Two-way, Not Divided",Not Applicable,ADK315000D,20200508,15:42:00,Yes,Y,N,3,Other Vehicle,1,NA,0,North,N,E FAYETTE ST,0,F,N,NA,N WASHINGTON,39.2941265030285,-76.5892919612678,Point,,Property Damage Crash,Raining,Feet,NA,Y,N,Pedestrian,2020-05-08T15:42:00Z
2020-05-23,Sat,Y,2020,Q2,Dark Lights On,Baltimore City,24,Intersection Related,Other,Dry,No Defects,"Two-way, Not Divided",Not Applicable,ADK3200007,20200523,23:30:00,No,N,N,1,Parked Vehicle,2,NA,0,NA,NA,JEFFERSON ST,10,F,W,NA,MONTFORD AV,39.2966698916344,-76.5837721693936,Point,,Property Damage Crash,NA,Feet,NA,N,N,Other Vehicle,2020-05-23T23:30:00Z
2020-05-14,Thu,N,2020,Q2,Daylight,Baltimore City,24,Intersection,Same Movement Angle,Dry,No Defects,"Two-way, Divided, Unprotected (painted >4 feet) Median",Light Support Pole,ADK4040003,20200514,08:36:00,Yes,Y,N,1,Fixed Object,9,1680,1.14,West,W,E FAYETTE ST,0,F,W,1025,N WOLFE ST,39.2940656791583,-76.5906246421598,Point,,Injury Crash,NA,Feet,NA,N,N,Other Vehicle,2020-05-14T08:36:00Z
2020-05-17,Sun,Y,2020,Q2,Daylight,Baltimore City,24,NA,Same Movement Angle,Not Applicable,No Defects,"Two-way, Not Divided",Not Applicable,ADK269001C,20200517,11:49:00,Yes,Y,N,1,Not Applicable,0,NA,0,NA,NA,EAST BALTIMORE STREET,5,F,E,NA,SOUTH ANN ST,39.2913991,-76.5916077607019,Point,,Property Damage Crash,NA,Feet,NA,N,N,Other Vehicle,2020-05-17T11:49:00Z
2020-05-22,Fri,N,2020,Q2,Dark Lights On,Baltimore City,24,Not Applicable,Other,Dry,Not Applicable,"Two-way, Divided, Unprotected (painted >4 feet) Median",Not Applicable,ADK2030009,20200522,21:00:00,No,N,N,2,Parked Vehicle,2,NA,0,NA,NA,100 N. PATTERSON PARK AVENUE,5,F,N,NA,EAST FAIRMOUNT AVE,39.2931749,-76.584906,Point,,Property Damage Crash,NA,Feet,NA,N,N,Parked Vehicle,2020-05-22T21:00:00Z
2020-05-24,Sun,Y,2020,Q2,Daylight,Baltimore City,24,Non Intersection,Single Vehicle,Not Applicable,Loose Surface Material,Other,NA,ADK062002N,20200524,12:00:00,No,N,N,9,Not Applicable,0,NA,0,NA,NA,NORTH CASTLE ST,60,F,N,NA,JEFFERSON ST,39.2971194237478,-76.5886121979651,Point,,Property Damage Crash,NA,Feet,NA,N,N,Fixed Object,2020-05-24T12:00:00Z
2020-05-10,Sun,Y,2020,Q2,Daylight,Baltimore City,24,Non Intersection,Same Movement Angle,Dry,View Obstructed,"Two-way, Divided, Unprotected (painted >4 feet) Median",Not Applicable,ADK2690017,20200510,06:50:00,Yes,Y,N,1,Parked Vehicle,2,NA,0,NA,NA,E LOMBARD,5,F,W,NA,S DUNCAN,39.290662826464,-76.5867513718314,Point,,Property Damage Crash,NA,Feet,NA,N,N,Other Vehicle,2020-05-10T06:50:00Z
2020-05-24,Sun,Y,2020,Q2,Daylight,Baltimore City,24,Not Applicable,Head On Left Turn,Dry,Not Applicable,"Two-way, Divided, Unprotected (painted >4 feet) Median",NA,ADK124001J,20200524,18:28:00,Yes,Y,N,1,Other Vehicle,1,NA,0,NA,NA,2200 ORLEANS ST,0,U,E,NA,400 N. PATTERON PARK,39.2955107353632,-76.5850085935686,Point,,Injury Crash,Not Applicable,NA,NA,N,N,Other Vehicle,2020-05-24T18:28:00Z
2020-04-26,Sun,Y,2020,Q2,NA,Baltimore City,24,Intersection,Head On Left Turn,Wet,Unknown,"Two-way, Divided, Positive Median Barrier",NA,ADK3090008,20200426,18:31:00,Yes,Y,N,1,Other Vehicle,1,NA,0,NA,NA,ORLEANS,0,F,W,NA,DRIVEWAY,39.295359824163,-76.5921955492069,Point,,Injury Crash,NA,Feet,NA,N,N,Other Vehicle,2020-04-26T18:31:00Z
2020-06-24,Wed,N,2020,Q2,Daylight,Baltimore City,24,Non Intersection,Same Movement Angle,Dry,No Defects,"Two-way, Divided, Unprotected (painted >4 feet) Median",Not Applicable,ADK269001D,20200624,12:58:00,Yes,Y,N,1,Not Applicable,0,NA,0,NA,NA,E BALTIMORE STREET,5,F,E,NA,N WASHINGTON ST,39.29177,-76.590317,Point,,Property Damage Crash,NA,Feet,NA,N,N,Other Vehicle,2020-06-24T12:58:00Z
2020-05-06,Wed,N,2020,Q2,NA,Baltimore City,24,Intersection,Head On Left Turn,Wet,No Defects,"Two-way, Not Divided",Not Applicable,ADK308000G,20200506,17:38:00,No,N,Y,1,Not Applicable,0,NA,0,NA,NA,2200 BLK ORLEANS,0,F,N,NA,400 BLK COLLINGTON,39.2954466233189,-76.5864551366218,Point,,Injury Crash,Raining,Feet,NA,N,N,Other Vehicle,2020-05-06T17:38:00Z
2020-05-19,Tue,N,2020,Q2,Daylight,Baltimore City,24,Intersection,Same Movement Angle,Dry,No Defects,"Two-way, Divided, Positive Median Barrier",Not Applicable,ADK055002F,20200519,15:30:00,Yes,Y,N,1,Not Applicable,0,NA,0,NA,NA,ORLEANS ST,0,F,E,NA,N WOLFE ST,39.2953634041312,-76.5921267914757,Point,,Injury Crash,NA,Feet,NA,N,N,Other Vehicle,2020-05-19T15:30:00Z
2020-06-03,Wed,N,2020,Q2,Dark Lights On,Baltimore City,24,Intersection,Angle Meets Right Turn,Dry,No Defects,"Two-way, Not Divided",Not Applicable,ADH15000BG,20200603,21:49:00,Yes,Y,N,1,Not Applicable,0,40,6.643,East,E,ORLEANS ST,0,F,E,0,N CASTLE ST,39.2953511960846,-76.5885126267852,Point,,Property Damage Crash,NA,Feet,NA,N,N,Other Vehicle,2020-06-03T21:49:00Z
2020-06-22,Mon,N,2020,Q2,Daylight,Baltimore City,24,Not Applicable,Opposite Direction Sideswipe,Dry,Not Applicable,"Two-way, Not Divided",Not Applicable,ADK124001K,20200622,14:49:00,No,N,N,1,Not Applicable,0,NA,0,NA,NA,2300 BLOCK OFORLEANS ST.,0,U,W,NA,N. PATTERSON PARK,39.2955107353632,-76.5850085935686,Point,,Property Damage Crash,NA,NA,NA,N,N,Other Vehicle,2020-06-22T14:49:00Z
2020-05-16,Sat,Y,2020,Q2,Dark Lights On,Baltimore City,24,Non Intersection,Same Direction Rear End,Dry,Not Applicable,"Two-way, Divided, Unprotected (painted >4 feet) Median",Not Applicable,ADJ8700014,20200516,03:52:00,No,N,N,1,Other Vehicle,1,NA,0,NA,NA,ORLEANS ST,50,F,E,NA,WOLFE ST,39.2953099356026,-76.5889552733398,Point,,Property Damage Crash,NA,Feet,NA,N,N,Other Vehicle,2020-05-16T03:52:00Z
2020-06-01,Mon,N,2020,Q2,Daylight,Baltimore City,24,Non Intersection,Other,Dry,No Defects,"Two-way, Not Divided",Not Applicable,ADJ457006G,20200601,16:11:00,No,N,N,1,Parked Vehicle,2,NA,0,NA,NA,100 N PATTERSON PARK AVE,10,F,S,NA,2200 E FAYETTE ST,39.2942311098356,-76.5848824060586,Point,,Property Damage Crash,NA,Feet,NA,N,N,Other Vehicle,2020-06-01T16:11:00Z
2020-04-08,Wed,N,2020,Q2,Daylight,Baltimore City,24,Intersection,Same Movement Angle,Dry,No Defects,"Two-way, Not Divided",Not Applicable,ADK0550028,20200408,12:26:00,No,N,N,1,Not Applicable,0,NA,0,NA,NA,N WASHINGTON ST,0,F,W,NA,JEFFERSON ST,39.2965009002715,-76.5894606758997,Point,,Property Damage Crash,NA,Feet,NA,N,N,Other Vehicle,2020-04-08T12:26:00Z
2020-06-15,Mon,N,2020,Q2,Dark Lights On,Baltimore City,24,Non Intersection,Same Direction Sideswipe,Dry,No Defects,One-way Trafficway,Light Support Pole,ADK3200009,20200615,01:48:00,No,N,N,1,Other Vehicle,1,1085,0.56,North,N,S WASHINGTON ST,25,F,N,1665,E BALTIMORE ST,39.2910992907874,-76.5891558898785,Point,,Property Damage Crash,NA,Feet,NA,N,N,Other Vehicle,2020-06-15T01:48:00Z
2020-04-20,Mon,N,2020,Q2,Daylight,Baltimore City,24,Intersection,Same Movement Angle,Dry,No Defects,"Two-way, Not Divided",Not Applicable,ADJ655001B,20200420,16:02:00,Yes,Y,N,1,Other Vehicle,1,NA,0,NA,NA,ORLEANS ST,0,F,E,NA,N PATTERSONPARK AVE,39.2955093133873,-76.5848534544267,Point,,Property Damage Crash,NA,Feet,NA,N,N,Other Vehicle,2020-04-20T16:02:00Z
2020-05-27,Wed,N,2020,Q2,Daylight,Baltimore City,24,Not Applicable,Other,Dry,No Defects,"Two-way, Not Divided",Not Applicable,ADJ875002V,20200527,13:00:00,No,N,N,2,Not Applicable,0,NA,0,NA,NA,E BALTIMORE ST,10,F,E,NA,WASHINGTON ST,39.29194875,-76.5890044496737,Point,,Property Damage Crash,Not Applicable,Feet,NA,N,N,Parked Vehicle,2020-05-27T13:00:00Z
2020-05-25,Mon,N,2020,Q2,Dark Lights On,Baltimore City,24,Intersection Related,Same Movement Angle,Dry,No Defects,"Two-way, Not Divided",Sign Support Pole,ADI746003C,20200525,22:32:00,Yes,Y,N,1,Other Vehicle,1,NA,0,NA,NA,2200 ORLEANS,0,F,E,NA,400 N COLLINGTON,39.2954490622184,-76.5864556218695,Point,,Property Damage Crash,NA,Feet,NA,N,N,Other Vehicle,2020-05-25T22:32:00Z
2020-05-26,Tue,N,2020,Q2,Daylight,Baltimore City,24,Non Intersection,Same Direction Rear End,Dry,No Defects,"Two-way, Not Divided",Not Applicable,ADJ8920045,20200526,08:51:00,No,N,N,1,Other Vehicle,1,40,6.84,East,E,ORLEANS ST,30,F,W,1410,N PATTERSON PARK AVE,39.2954146946883,-76.5854589670904,Point,,Injury Crash,NA,Feet,NA,N,N,Other Vehicle,2020-05-26T08:51:00Z
2020-09-09,Wed,N,2020,Q3,Not Applicable,Baltimore City,24,Not Applicable,Same Direction Rear End,Dry,Not Applicable,"Two-way, Divided, Unprotected (painted >4 feet) Median",Not Applicable,ADK124001V,20200909,10:47:00,Yes,Y,N,1,Not Applicable,0,NA,0,NA,NA,2100 ORLEANS ST,0,U,W,NA,CASTLE ST,39.2953616088475,-76.5885279433619,Point,,Property Damage Crash,NA,NA,NA,N,N,Other Vehicle,2020-09-09T10:47:00Z
2020-08-06,Thu,N,2020,Q3,Daylight,Baltimore City,24,Non Intersection,Same Direction Rear End Left Turn,Dry,No Defects,One-way Trafficway,Not Applicable,ADK407000F,20200806,14:30:00,No,N,N,2,Parked Vehicle,2,NA,0,NA,NA,EAST FAIRMOUNT AVE,5,M,E,NA,N COLLINGTON AVE,39.2931692370362,-76.5864562306031,Point,,Property Damage Crash,NA,Miles,NA,N,N,Parked Vehicle,2020-08-06T14:30:00Z
2020-07-20,Mon,N,2020,Q3,Daylight,Baltimore City,24,Not Applicable,Same Direction Rear End,Dry,Not Applicable,"Two-way, Not Divided",Not Applicable,ADJ0280035,20200720,08:30:00,No,N,N,1,Not Applicable,0,40,6.273,East,E,ORLEANS ST,10,F,E,0,N BOND ST,39.2931877764836,-76.5863947424227,Point,,Property Damage Crash,NA,Feet,NA,N,N,Other Vehicle,2020-07-20T08:30:00Z
2020-07-13,Mon,N,2020,Q3,Daylight,Baltimore City,24,Intersection,Same Movement Angle,Dry,No Defects,"Two-way, Divided, Unprotected (painted >4 feet) Median",Not Applicable,ADK291000L,20200713,14:26:00,Yes,Y,N,1,Other Vehicle,1,NA,0,NA,NA,ORLEANS ST,0,F,S,NA,N CASTLE ST,39.2953669887811,-76.5885034177813,Point,,Injury Crash,NA,Feet,NA,N,N,Other Vehicle,2020-07-13T14:26:00Z
2020-08-04,Tue,N,2020,Q3,Daylight,Baltimore City,24,Not Applicable,Other,Dry,No Defects,"Two-way, Not Divided",Not Applicable,ADJ892004K,20200804,07:13:00,No,N,N,1,Not Applicable,0,NA,0,NA,NA,N MONTFORD AVE,5,F,N,NA,JEFFERSON SY,39.2968347862248,-76.5835424444265,Point,,Property Damage Crash,NA,Feet,NA,N,N,Other Vehicle,2020-08-04T07:13:00Z
2020-08-26,Wed,N,2020,Q3,Daylight,Baltimore City,24,Intersection,Same Direction Rear End,Dry,No Defects,"Two-way, Divided, Positive Median Barrier",Not Applicable,ADJ862006R,20200826,18:45:00,Yes,Y,N,1,Other Vehicle,1,NA,0,NA,NA,1900 ORLEANS,0,F,N,NA,400 WOLFE ST,39.2952449243357,-76.5916960757647,Point,,Property Damage Crash,NA,Feet,NA,N,N,Other Vehicle,2020-08-26T18:45:00Z
2020-08-16,Sun,Y,2020,Q3,Daylight,Baltimore City,24,Intersection,Head On Left Turn,Dry,No Defects,"Two-way, Not Divided",Not Applicable,ADJ892004N,20200816,14:55:00,Yes,Y,N,1,Not Applicable,0,40,6.84,East,E,ORLEANS ST,0,F,E,1410,N PATTERSON PARK AVE,39.2955058154296,-76.584940615182,Point,,Property Damage Crash,NA,Feet,NA,N,N,Other Vehicle,2020-08-16T14:55:00Z