crash_date,dotw,weekend,year,quarter,light_desc,county_desc,county_no,junction_desc,collision_type_desc,surf_cond_desc,rd_cond_desc,rd_div_desc,fix_obj_desc,report_no,acc_date,acc_time,signal_flag_desc,signal_flag,c_m_zone_flag,harm_event_code1,harm_event_desc2,harm_event_code2,rte_no,log_mile,logmile_dir_flag_desc,logmile_dir_flag,mainroad_name,distance,feet_miles_flag,distance_dir_flag,reference_no,reference_road_name,latitude,longitude,geocoded_column_type,geocoded_column_coordinates,report_type,weather_desc,feet_miles_flag_desc,reference_suffix,ped_injury,fatal_injury,harm_event_desc1,crash_datetime
2021-09-28,Tue,N,2021,Q3,Dark Lights On,Baltimore City,24,NA,Same Movement Angle,NA,NA,NA,Not Applicable,ADJ2320032,20210928,20:00:00,No,N,N,1,Not Applicable,0,NA,NA,NA,NA,NA,NA,NA,NA,NA,NA,39.296650724693,-76.5842842026522,Point,,Injury Crash,Not Applicable,NA,NA,N,N,Other Vehicle,2021-09-28T20:00:00Z
2021-09-12,Sun,Y,2021,Q3,Dark Lights On,Baltimore City,24,Intersection Related,Same Movement Angle,Dry,No Defects,"Two-way, Not Divided",Not Applicable,ADJ875003D,20210912,01:26:00,Yes,Y,N,1,Not Applicable,0,NA,0,NA,NA,E FAYETTE ST,10,F,E,NA,N WASHINGTON ST,39.292983281275,-76.5891928077173,Point,,Property Damage Crash,Not Applicable,Feet,NA,N,N,Other Vehicle,2021-09-12T01:26:00Z
2021-09-18,Sat,Y,2021,Q3,Daylight,Baltimore City,24,Intersection,Same Direction Rear End Left Turn,Dry,Not Applicable,"Two-way, Divided, Unprotected (painted >4 feet) Median",Not Applicable,ADK124003G,20210918,12:01:00,No,N,N,1,Other Vehicle,1,NA,0,NA,NA,2100 ORLEANS ST,0,F,E,NA,400 DUNCAN ST,39.2954259140984,-76.5870715505766,Point,,Property Damage Crash,NA,Feet,NA,N,N,Other Vehicle,2021-09-18T12:01:00Z
2021-07-09,Fri,N,2021,Q3,Daylight,Baltimore City,24,Not Applicable,Same Direction Rear End,Dry,No Defects,Not Applicable,Not Applicable,ADK585000B,20210709,16:25:00,Yes,Y,N,1,Not Applicable,0,40,6.6,East,E,ORLEANS ST,70,F,W,1087,N WASHINGTON ST,39.2953638093555,-76.5892749879059,Point,,Property Damage Crash,NA,Feet,NA,N,N,Other Vehicle,2021-07-09T16:25:00Z
2021-07-29,Thu,N,2021,Q3,Daylight,Baltimore City,24,Non Intersection,Same Direction Sideswipe,Dry,No Defects,"Two-way, Divided, Unprotected (painted >4 feet) Median",Not Applicable,ADK571000T,20210729,18:00:00,No,N,N,1,Not Applicable,0,NA,0,NA,NA,S PATTERSON PARK AVE,0,F,S,NA,E LOMBARD ST,39.290465,-76.584664,Point,,Property Damage Crash,NA,Feet,NA,N,N,Other Vehicle,2021-07-29T18:00:00Z
2021-08-18,Wed,N,2021,Q3,NA,Baltimore City,24,Intersection,Same Movement Angle,Wet,Not Applicable,"Two-way, Not Divided",Not Applicable,ADJ776001B,20210818,05:57:00,Yes,Y,N,1,Not Applicable,0,NA,0,NA,NA,1900 ORLEANS ST,0,F,E,NA,400 BLK N WOLFE ST,39.2952583116832,-76.5906474216184,Point,,Injury Crash,Raining,Feet,NA,N,N,Other Vehicle,2021-08-18T05:57:00Z
2021-07-12,Mon,N,2021,Q3,Unknown,Baltimore City,24,Not Applicable,Other,Not Applicable,No Defects,One-way Trafficway,Not Applicable,ADK553000C,20210712,08:00:00,No,N,N,1,Parked Vehicle,2,1025,1.18,South,S,N WOLFE ST,200,F,S,1370,E MONUMENT ST,39.29674,-76.59068,Point,,Property Damage Crash,Not Applicable,Feet,NA,N,N,Other Vehicle,2021-07-12T08:00:00Z
2021-07-11,Sun,Y,2021,Q3,Daylight,Baltimore City,24,Intersection,Same Movement Angle,Dry,No Defects,"Two-way, Not Divided",Not Applicable,ADK526000Q,20210711,18:36:00,Yes,Y,Y,1,Not Applicable,0,1392,0.948,East,E,E PRATT ST,0,F,E,0,S EDEN ST,39.2955226221026,-76.5849538597881,Point,,Property Damage Crash,NA,Feet,NA,N,N,Other Vehicle,2021-07-11T18:36:00Z
2021-09-19,Sun,Y,2021,Q3,Dark Lights On,Baltimore City,24,Intersection,Head On Left Turn,Dry,No Defects,"Two-way, Divided, Unprotected (painted >4 feet) Median",Not Applicable,ADK3250025,20210919,01:00:00,Yes,Y,N,1,Not Applicable,0,40,6.7,East,E,ORLEANS ST,0,F,E,0,N CHESTER ST,39.2954010227737,-76.587660669348,Point,,Injury Crash,NA,Feet,NA,N,N,Other Vehicle,2021-09-19T01:00:00Z
2021-08-23,Mon,N,2021,Q3,Daylight,Baltimore City,24,Intersection,Same Direction Rear End Right Turn,Dry,No Defects,"Two-way, Divided, Unprotected (painted >4 feet) Median",Not Applicable,ADK269002B,20210823,18:45:00,Yes,Y,N,1,Not Applicable,0,NA,0,NA,NA,E FAYETTE ST,0,F,W,NA,NORTH WASHINGTON,39.294112917049,-76.5890365938093,Point,,Injury Crash,NA,Feet,NA,N,N,Other Vehicle,2021-08-23T18:45:00Z
2021-07-08,Thu,N,2021,Q3,Daylight,Baltimore City,24,Non Intersection,Same Direction Sideswipe,Dry,No Defects,"Two-way, Divided, Unprotected (painted >4 feet) Median",Tree Shrubbery,ADK6050007,20210708,14:13:00,No,N,N,1,Fixed Object,9,40,6.643,East,E,ORLEANS ST,25,F,W,0,N CASTLE ST,39.2953248,-76.588787,Point,,Property Damage Crash,NA,Feet,NA,N,N,Other Vehicle,2021-07-08T14:13:00Z
2021-09-07,Tue,N,2021,Q3,NA,Baltimore City,24,NA,Same Direction Sideswipe,Dry,No Defects,Other,Not Applicable,ADK541000G,20210907,01:15:00,No,N,N,0,Other Vehicle,1,40,6.6,East,E,ORLEANS ST,0,F,E,1087,N WASHINGTON ST,39.295507,-76.589782,Point,,Property Damage Crash,NA,Feet,NA,N,N,Not Applicable,2021-09-07T01:15:00Z
2021-09-16,Thu,N,2021,Q3,Daylight,Baltimore City,24,Non Intersection,Other,Dry,No Defects,One-way Trafficway,Not Applicable,ADF189001K,20210916,09:30:00,No,N,N,1,Not Applicable,0,1087,0.076,North,N,N WASHINGTON ST,150,F,N,3005,FAIRMOUNT AVE,39.2933584565713,-76.5892959992874,Point,,Property Damage Crash,NA,Feet,NA,N,N,Other Vehicle,2021-09-16T09:30:00Z
2021-07-03,Sat,Y,2021,Q3,NA,Baltimore City,24,Intersection,Same Movement Angle,Dry,No Defects,One-way Trafficway,Not Applicable,ADK293000B,20210703,05:00:00,Yes,Y,N,1,Overturn,11,NA,0,NA,NA,WASHINGTON ST,0,F,N,NA,ORLEANS ST,39.2953426919293,-76.5893929590951,Point,,Property Damage Crash,NA,Feet,NA,N,N,Other Vehicle,2021-07-03T05:00:00Z
2021-08-14,Sat,Y,2021,Q3,Daylight,Baltimore City,24,Non Intersection,Same Direction Left Turn,Dry,No Defects,"Two-way, Not Divided",Not Applicable,ADK101001F,20210814,12:55:00,No,N,N,1,Other Vehicle,1,NA,0,NA,NA,2300 ORLEANS ST,6,F,W,NA,2300 ORLEANS ST,39.2955813282446,-76.5837653602929,Point,,Property Damage Crash,NA,Feet,NA,N,N,Other Vehicle,2021-08-14T12:55:00Z
2021-08-04,Wed,N,2021,Q3,Daylight,Baltimore City,24,Intersection,Same Movement Angle,Dry,No Defects,"Two-way, Divided, Unprotected (painted >4 feet) Median",Not Applicable,ADK085000F,20210804,14:02:00,Yes,Y,N,1,Not Applicable,0,40,6.84,East,E,ORLEANS ST,0,F,E,1410,N PATTERSON PARK AVE,39.2955105330323,-76.5849281855503,Point,,Property Damage Crash,NA,Feet,NA,N,N,Other Vehicle,2021-08-04T14:02:00Z
2021-07-01,Thu,N,2021,Q3,Daylight,Baltimore City,24,Intersection,Same Direction Rear End,Wet,Not Applicable,"Two-way, Divided, Positive Median Barrier",Not Applicable,ADK1240031,20210701,19:07:00,Yes,Y,N,1,Other Vehicle,1,NA,0,NA,NA,1900 ORLEANS ST,0,F,E,NA,400 N WASHINGTON ST,39.295326139381,-76.5894926860855,Point,,Property Damage Crash,NA,Feet,NA,N,N,Other Vehicle,2021-07-01T19:07:00Z
2021-09-16,Thu,N,2021,Q3,Daylight,Baltimore City,24,Intersection Related,Same Movement Angle,Wet,No Defects,"Two-way, Divided, Unprotected (painted >4 feet) Median",Sign Support Pole,ADI703006K,20210916,18:01:00,Yes,Y,N,1,Fixed Object,9,1410,1.214,South,S,N PATTERSON PARK AVE,0,F,S,0,JEFFERSON ST,39.296704024043,-76.5849874844633,Point,,Injury Crash,Raining,Feet,NA,N,N,Other Vehicle,2021-09-16T18:01:00Z
2021-08-24,Tue,N,2021,Q3,Daylight,Baltimore City,24,Intersection,Same Movement Angle,Dry,No Defects,"Two-way, Not Divided",Not Applicable,ADK582000H,20210824,19:05:00,Yes,Y,N,1,Other Vehicle,1,NA,0,NA,NA,JEFFERSON STREET,0,F,W,NA,NORTH MADEIRA STREET,39.2965870914226,-76.5857522089224,Point,,Property Damage Crash,NA,Feet,NA,N,N,Other Vehicle,2021-08-24T19:05:00Z
2021-08-12,Thu,N,2021,Q3,Daylight,Baltimore City,24,NA,Same Direction Sideswipe,NA,NA,NA,Not Applicable,ADH839005S,20210812,11:15:00,No,N,N,2,Not Applicable,0,NA,NA,NA,NA,NA,NA,NA,NA,NA,NA,39.293690042621,-76.584362623795,Point,,Property Damage Crash,NA,NA,NA,N,N,Parked Vehicle,2021-08-12T11:15:00Z
2021-07-05,Mon,N,2021,Q3,Daylight,Baltimore City,24,Intersection,Same Movement Angle,Dry,No Defects,One-way Trafficway,Not Applicable,ADK003003C,20210705,12:57:00,Yes,Y,N,1,Other Vehicle,1,NA,0,NA,NA,2200 E LOMBARD,0,F,E,NA,100 S COLLINGTON AVE,39.2906909777714,-76.5861741530269,Point,,Property Damage Crash,NA,Feet,NA,N,N,Other Vehicle,2021-07-05T12:57:00Z
2021-08-18,Wed,N,2021,Q3,Daylight,Baltimore City,24,Intersection,Same Direction Rear End,Wet,Not Applicable,"Two-way, Divided, Unprotected (painted >4 feet) Median",Not Applicable,ADK124003F,20210818,17:57:00,Yes,Y,N,1,Other Vehicle,1,NA,0,NA,NA,1800 ORLEANS ST,0,F,E,NA,400 N WOLFE ST,39.2952057463713,-76.5922064110563,Point,,Injury Crash,NA,Feet,NA,N,N,Other Vehicle,2021-08-18T17:57:00Z
2021-08-30,Mon,N,2021,Q3,Daylight,Baltimore City,24,Intersection,Other,Dry,"Holes, Ruts, Etc.","Two-way, Divided, Unprotected (painted >4 feet) Median",NA,ADK545000K,20210830,10:00:00,Yes,Y,N,1,Fixed Object,9,NA,0,NA,NA,200 N. PATTERSON PARK AVENUE,0,F,U,NA,2300 ORLEANS STREET,39.2955167951471,-76.5849245011365,Point,,Property Damage Crash,NA,Feet,NA,N,N,Other Vehicle,2021-08-30T10:00:00Z
2021-09-30,Thu,N,2021,Q3,Daylight,Baltimore City,24,Intersection,Same Movement Angle,Dry,No Defects,"Two-way, Divided, Unprotected (painted >4 feet) Median",Curb,ADI703006M,20210930,15:30:00,Yes,Y,N,1,Fixed Object,9,40,6.753,East,E,ORLEANS ST,0,F,E,0,N COLLINGTON AVE,39.2954399119938,-76.5864546527945,Point,,Injury Crash,NA,Feet,NA,N,N,Other Vehicle,2021-09-30T15:30:00Z
2021-07-12,Mon,N,2021,Q3,Daylight,Baltimore City,24,Intersection,Same Direction Rear End,Dry,No Defects,"Two-way, Divided, Unprotected (painted >4 feet) Median",Not Applicable,ADJ778002D,20210712,16:54:00,Yes,Y,N,1,Not Applicable,0,1415,0.08,South,S,S PATTERSON PARK AVE,0,F,S,1390,E LOMBARD ST,39.2908915969029,-76.5846517899808,Point,,Property Damage Crash,NA,Feet,NA,N,N,Other Vehicle,2021-07-12T16:54:00Z
2021-07-11,Sun,Y,2021,Q3,Daylight,Baltimore City,24,Non Intersection,Not Applicable,Dry,No Defects,Not Applicable,Not Applicable,ADK526000P,20210711,09:21:00,No,N,N,2,Not Applicable,0,1680,0.746,West,W,E FAYETTE ST,10,F,E,0,N MONTFORD AVE,39.2955226221026,-76.5849538597881,Point,,Property Damage Crash,NA,Feet,NA,N,N,Parked Vehicle,2021-07-11T09:21:00Z
2021-07-07,Wed,N,2021,Q3,Daylight,Baltimore City,24,Intersection,Same Movement Angle,Dry,No Defects,"Two-way, Not Divided",Not Applicable,ADK526000N,20210707,08:34:00,Yes,Y,N,1,Not Applicable,0,40,6.84,East,E,ORLEANS ST,0,F,E,1410,N PATTERSON PARK AVE,39.2955226221026,-76.5849538597881,Point,,Property Damage Crash,NA,Feet,NA,N,N,Other Vehicle,2021-07-07T08:34:00Z
2021-09-12,Sun,Y,2021,Q3,Dark Lights On,Baltimore City,24,Intersection,Same Direction Right Turn,Dry,No Defects,"Two-way, Not Divided",Not Applicable,ADJ875003C,20210912,00:29:00,Yes,Y,N,1,Not Applicable,0,NA,0,NA,NA,S CAROLINE ST,0,F,N,NA,ALICEANNA ST,39.292983281275,-76.5891928077173,Point,,Property Damage Crash,NA,Feet,NA,N,N,Other Vehicle,2021-09-12T00:29:00Z
2021-11-18,Thu,N,2021,Q4,Dark Lights On,Baltimore City,24,Intersection,Same Direction Rear End,Wet,No Defects,"Two-way, Divided, Positive Median Barrier",Not Applicable,ADK5260014,20211118,21:00:00,Yes,Y,N,1,Not Applicable,0,40,5.26,East,E,ORLEANS ST,0,F,E,40,FRANKLIN ST (WB COUPLET) (BACK),39.2952111848745,-76.5915366650191,Point,,Property Damage Crash,Raining,Feet,NA,N,N,Other Vehicle,2021-11-18T21:00:00Z
2021-10-14,Thu,N,2021,Q4,Daylight,Baltimore City,24,Intersection,Same Movement Angle,Dry,No Defects,"Two-way, Divided, Unprotected (painted >4 feet) Median",Not Applicable,ADK6660007,20211014,14:21:00,Yes,Y,N,1,Not Applicable,0,40,6.6,East,E,ORLEANS ST,0,F,E,1087,N WASHINGTON ST,39.295356001368,-76.5893895509435,Point,,Injury Crash,Not Applicable,Feet,NA,N,N,Other Vehicle,2021-10-14T14:21:00Z
2021-10-04,Mon,N,2021,Q4,Dark Lights On,Baltimore City,24,Intersection,Same Movement Angle,Dry,No Defects,"Two-way, Not Divided",Not Applicable,ADJ294004B,20211004,20:16:00,Yes,Y,N,1,Not Applicable,0,40,6.53,East,E,ORLEANS ST,0,F,E,1025,N WOLFE ST,39.2952943364978,-76.5906917467151,Point,,Property Damage Crash,NA,Feet,NA,N,N,Other Vehicle,2021-10-04T20:16:00Z
2021-10-10,Sun,Y,2021,Q4,Dark Lights On,Baltimore City,24,Intersection,Same Direction Right Turn,Dry,No Defects,"Two-way, Not Divided",Building,ADK529001F,20211010,18:39:00,No,N,N,1,Other Vehicle,1,40,6.795,East,E,ORLEANS ST,0,F,E,0,N MADEIRA ST,39.2954666850646,-76.5856495714909,Point,,Injury Crash,Not Applicable,Feet,NA,N,N,Other Vehicle,2021-10-10T18:39:00Z
2021-10-22,Fri,N,2021,Q4,Daylight,Baltimore City,24,Non Intersection,Angle Meets Left Turn,Dry,No Defects,"Two-way, Divided, Unprotected (painted >4 feet) Median",Not Applicable,ADK6660009,20211022,09:14:00,Yes,Y,N,1,Not Applicable,0,NA,0,NA,NA,ORLEANS ST,0,F,E,NA,N/A,39.2953901117691,-76.5920926414612,Point,,Property Damage Crash,Not Applicable,Feet,NA,N,N,Other Vehicle,2021-10-22T09:14:00Z
2021-10-08,Fri,N,2021,Q4,Daylight,Baltimore City,24,Intersection,Same Movement Angle,Dry,Not Applicable,"Two-way, Not Divided",Not Applicable,ADK124003Q,20211008,12:33:00,No,N,N,1,Other Vehicle,1,NA,0,NA,NA,400 N PATTERSON PARK,0,F,S,NA,2200JEFFERSON ST,39.2965964453451,-76.5850216544119,Point,,Property Damage Crash,Not Applicable,Feet,NA,N,N,Other Vehicle,2021-10-08T12:33:00Z
2021-10-05,Tue,N,2021,Q4,Daylight,Baltimore City,24,Not Applicable,Other,Not Applicable,No Defects,"Two-way, Not Divided",Not Applicable,ADI2450059,20211005,18:30:00,No,N,N,1,Other Vehicle,1,NA,0,NA,NA,400 N MONTFORD AVE,10,F,S,NA,2400 ORLEANS,39.2957476126273,-76.5835417932367,Point,,Injury Crash,NA,Feet,NA,N,N,Other Vehicle,2021-10-05T18:30:00Z
2021-10-17,Sun,Y,2021,Q4,Dark Lights On,Baltimore City,24,Non Intersection,Same Direction Rear End,Dry,No Defects,"Two-way, Divided, Unprotected (painted >4 feet) Median",Not Applicable,ADJ778002N,20211017,21:12:00,Yes,Y,N,1,Other Vehicle,1,1665,1.407,East,E,E BALTIMORE ST,100,F,E,1087,N WASHINGTON ST,39.2916984976033,-76.5893929874175,Point,,Property Damage Crash,NA,Feet,NA,N,N,Other Vehicle,2021-10-17T21:12:00Z
2021-12-15,Wed,N,2021,Q4,Dark Lights On,Baltimore City,24,Intersection,Same Movement Angle,Dry,No Defects,"Two-way, Not Divided",Not Applicable,ADK646000B,20211215,19:30:00,Yes,Y,N,0,Not Applicable,0,NA,0,NA,NA,S WASHINGTON ST,0,F,N,NA,E BALTIMORE ST,39.2917236284137,-76.5891598673363,Point,,Injury Crash,Not Applicable,Feet,NA,N,N,Not Applicable,2021-12-15T19:30:00Z
2021-11-25,Thu,N,2021,Q4,Dark Lights On,Baltimore City,24,Intersection,Same Movement Angle,Dry,No Defects,"Two-way, Not Divided",Not Applicable,ADK6040011,20211125,22:40:00,Yes,Y,N,1,Not Applicable,0,NA,0,NA,NA,E FAYETTE,0,F,W,NA,N CASTLE,39.2941871685632,-76.5884290249133,Point,,Injury Crash,NA,Feet,NA,N,N,Other Vehicle,2021-11-25T22:40:00Z
2021-12-07,Tue,N,2021,Q4,Daylight,Baltimore City,24,Intersection,Same Movement Angle,Dry,No Defects,"Two-way, Not Divided",Not Applicable,ADK270001Y,20211207,16:16:00,Yes,Y,N,3,Other Vehicle,1,1680,0.968,West,W,E FAYETTE ST,0,F,W,0,N CHESTER ST,39.2941976985737,-76.5875742730326,Point,,Property Damage Crash,NA,Feet,NA,Y,N,Pedestrian,2021-12-07T16:16:00Z
2021-11-25,Thu,N,2021,Q4,Dark Lights On,Baltimore City,24,Non Intersection,Head On Left Turn,Dry,No Defects,"Two-way, Divided, Unprotected (painted >4 feet) Median",Not Applicable,ADK437000G,20211125,01:53:00,No,N,N,1,Other Vehicle,1,40,6.911,East,E,ORLEANS ST,0,F,E,0,N MONTFORD AVE,39.295530952196,-76.5839418543418,Point,,Property Damage Crash,NA,Feet,NA,N,N,Other Vehicle,2021-11-25T01:53:00Z
2021-11-01,Mon,N,2021,Q4,Dark Lights On,Baltimore City,24,Non Intersection,Same Movement Angle,Dry,No Defects,"Two-way, Divided, Unprotected (painted >4 feet) Median",Not Applicable,ADK437000F,20211101,05:58:00,No,N,N,1,Not Applicable,0,40,6.911,East,E,ORLEANS ST,0,F,W,0,N MONTFORD AVE,39.2955859686484,-76.5835007075052,Point,,Property Damage Crash,NA,Feet,NA,N,N,Other Vehicle,2021-11-01T05:58:00Z
2021-10-06,Wed,N,2021,Q4,Daylight,Baltimore City,24,Intersection Related,Other,Dry,No Defects,One-way Trafficway,Not Applicable,ADK5480010,20211006,16:16:00,No,N,N,2,Not Applicable,0,NA,0,NA,NA,N CASTLE ST,0,F,S,NA,E FAYETTE,39.294202,-76.588458,Point,,Property Damage Crash,NA,Feet,NA,N,N,Parked Vehicle,2021-10-06T16:16:00Z
2021-12-10,Fri,N,2021,Q4,Daylight,Baltimore City,24,Not Applicable,Same Direction Rear End,Not Applicable,Not Applicable,"Two-way, Not Divided",Not Applicable,ADK208000K,20211210,15:24:00,Yes,Y,N,1,Other Vehicle,1,NA,0,NA,NA,E FAYETTE,0,F,E,NA,N BRADFORD,39.2943097769185,-76.5841503526344,Point,,Property Damage Crash,Not Applicable,Feet,NA,N,N,Other Vehicle,2021-12-10T15:24:00Z
2021-11-19,Fri,N,2021,Q4,Dark Lights On,Baltimore City,24,Intersection,Same Movement Angle,Dry,Not Applicable,One-way Trafficway,Not Applicable,ADJ2320037,20211119,18:07:00,Yes,Y,N,1,Not Applicable,0,1087,0.331,North,N,N WASHINGTON ST,0,F,N,0,JEFFERSON ST,39.2964161701446,-76.5894494666626,Point,,Injury Crash,Not Applicable,Feet,NA,N,N,Other Vehicle,2021-11-19T18:07:00Z
2021-10-29,Fri,N,2021,Q4,Daylight,Baltimore City,24,Intersection Related,Same Movement Angle,Wet,Not Applicable,One-way Trafficway,Not Applicable,ADK0390026,20211029,11:09:00,No,N,N,1,Not Applicable,0,1087,0.331,North,N,N WASHINGTON ST,0,F,N,0,JEFFERSON ST,39.296453115594,-76.5894495220728,Point,,Injury Crash,Raining,Feet,NA,N,N,Other Vehicle,2021-10-29T11:09:00Z
2021-10-01,Fri,N,2021,Q4,Daylight,Baltimore City,24,Intersection,Other,Dry,No Defects,Other,Not Applicable,ADK6600007,20211001,12:18:00,Yes,Y,N,0,Not Applicable,0,NA,0,NA,NA,2100 ORLEANS ST,0,F,S,NA,400 N CHESTER,39.2957535,-76.587855533112,Point,,Property Damage Crash,NA,Feet,NA,N,N,Not Applicable,2021-10-01T12:18:00Z
2021-11-17,Wed,N,2021,Q4,Dark Lights On,Baltimore City,24,Intersection,Same Direction Rear End,Dry,No Defects,"Two-way, Not Divided",Not Applicable,ADK604000Z,20211117,18:03:00,Yes,Y,N,1,Not Applicable,0,NA,0,NA,NA,N BROADWAY,0,F,E,NA,E BALTIMORE STREET,39.2917823436309,-76.587468794086,Point,,Property Damage Crash,NA,Feet,NA,N,N,Other Vehicle,2021-11-17T18:03:00Z
2021-12-13,Mon,N,2021,Q4,Daylight,Baltimore City,24,Intersection,Not Applicable,Dry,No Defects,"Two-way, Divided, Positive Median Barrier",Not Applicable,ADK6790002,20211213,13:30:00,Yes,Y,N,3,Not Applicable,0,40,6.53,East,E,ORLEANS ST,0,F,E,1025,N WOLFE ST,39.2953056500839,-76.590730219378,Point,,Injury Crash,NA,Feet,NA,Y,N,Pedestrian,2021-12-13T13:30:00Z
2021-11-18,Thu,N,2021,Q4,NA,Baltimore City,24,Intersection,Single Vehicle,Wet,No Defects,"Two-way, Not Divided",NA,ADK5260012,20211118,18:56:00,No,N,N,1,Pedestrian,3,NA,0,NA,NA,ORLEANS,0,F,U,NA,MONTFORD,39.2955558945228,-76.5835453068279,Point,,Injury Crash,Raining,Feet,NA,Y,N,Other Vehicle,2021-11-18T18:56:00Z
2021-12-02,Thu,N,2021,Q4,Dark Lights On,Baltimore City,24,Intersection,Other,Dry,No Defects,"Two-way, Not Divided",Not Applicable,ADK003003N,20211202,19:48:00,Yes,Y,N,1,Other Vehicle,1,NA,0,NA,NA,N PATTERSON PARK,0,F,N,NA,E BALTIMORE ST,39.2918386107233,-76.5846793144962,Point,,Injury Crash,NA,Feet,NA,N,N,Other Vehicle,2021-12-02T19:48:00Z
2021-11-08,Mon,N,2021,Q4,Dark Lights On,Baltimore City,24,Non Intersection,Single Vehicle,Dry,No Defects,"Two-way, Divided, Unprotected (painted >4 feet) Median",Tree Shrubbery,ADK6980001,20211108,19:48:00,Yes,Y,N,9,Not Applicable,0,40,6.84,East,E,ORLEANS ST,50,F,E,1410,N PATTERSON PARK AVE,39.2955521135257,-76.5845629339029,Point,,Property Damage Crash,NA,Feet,NA,N,N,Fixed Object,2021-11-08T19:48:00Z
2021-11-17,Wed,N,2021,Q4,Dark Lights On,Baltimore City,24,Not Applicable,Same Direction Both Left Turn,Dry,Not Applicable,Not Applicable,Not Applicable,ADK5230013,20211117,18:55:00,No,N,N,1,Other Vehicle,1,NA,0,NA,NA,ORLEANS,0,U,E,NA,CHESTER,39.2954022522951,-76.5881340298524,Point,,Property Damage Crash,Not Applicable,NA,NA,N,N,Other Vehicle,2021-11-17T18:55:00Z
2021-10-08,Fri,N,2021,Q4,Daylight,Baltimore City,24,Non Intersection,Angle Meets Right Turn,Dry,No Defects,"Two-way, Divided, Unprotected (painted >4 feet) Median",Not Applicable,ADK6660005,20211008,16:01:00,No,N,N,1,Not Applicable,0,40,6.643,East,E,ORLEANS ST,0,F,E,0,N CASTLE ST,39.2953497741512,-76.5894203963472,Point,,Property Damage Crash,Not Applicable,Feet,NA,N,N,Other Vehicle,2021-10-08T16:01:00Z
2021-10-15,Fri,N,2021,Q4,Dark Lights On,Baltimore City,24,Intersection,Same Movement Angle,Dry,No Defects,"Two-way, Divided, Unprotected (painted >4 feet) Median",Not Applicable,ADK124003S,20211015,20:24:00,Yes,Y,N,1,Other Vehicle,1,NA,0,NA,NA,2000 ORLEANS ST,0,F,U,NA,400 N WASHINGTON ST,39.2953538880585,-76.589395929732,Point,,Property Damage Crash,NA,Feet,NA,N,N,Other Vehicle,2021-10-15T20:24:00Z
2021-11-22,Mon,N,2021,Q4,Daylight,Baltimore City,24,Not Applicable,Same Direction Sideswipe,Not Applicable,No Defects,"Two-way, Not Divided",Not Applicable,ADK4070028,20211122,16:20:00,Yes,Y,N,0,Not Applicable,0,NA,0,NA,NA,E FAYETTE ST,5,M,E,NA,N WOLFE ST,39.2940608650395,-76.5904379567825,Point,,Property Damage Crash,NA,Miles,NA,N,N,Not Applicable,2021-11-22T16:20:00Z
2021-11-14,Sun,Y,2021,Q4,Dark Lights On,Baltimore City,24,Intersection,Head On Left Turn,Dry,No Defects,"Two-way, Divided, Positive Median Barrier",Not Applicable,ADK3190014,20211114,20:58:00,Yes,Y,N,1,Other Vehicle,1,40,5.87,East,E,ORLEANS ST,0,F,E,0,CROSSOVER,39.2953800696445,-76.592118080291,Point,,Property Damage Crash,NA,Feet,NA,N,N,Other Vehicle,2021-11-14T20:58:00Z
2021-10-07,Thu,N,2021,Q4,Daylight,Baltimore City,24,NA,Single Vehicle,NA,NA,NA,NA,ADK456001Y,20211007,16:23:00,No,N,N,16,Other Vehicle,1,NA,NA,NA,NA,NA,NA,NA,NA,NA,NA,39.2920412381439,-76.5924925931614,Point,,Property Damage Crash,NA,NA,NA,N,N,Off Road,2021-10-07T16:23:00Z
2021-11-21,Sun,Y,2021,Q4,Dark Lights On,Baltimore City,24,Intersection,Same Movement Angle,Dry,No Defects,"Two-way, Divided, Unprotected (painted >4 feet) Median",Not Applicable,ADK597000K,20211121,03:40:00,Yes,Y,N,1,Not Applicable,0,40,6.6,East,E,ORLEANS ST,0,F,E,1087,N WASHINGTON ST,39.2953457858317,-76.5893920142546,Point,,Property Damage Crash,NA,Feet,NA,N,N,Other Vehicle,2021-11-21T03:40:00Z
2021-10-19,Tue,N,2021,Q4,Daylight,Baltimore City,24,Intersection,Other,Dry,No Defects,One-way Trafficway,Not Applicable,ADK281002F,20211019,10:45:00,Yes,Y,N,3,Other Vehicle,1,NA,0,NA,NA,E LOMBARD ST,0,F,E,NA,S WOFLE,39.2904859825749,-76.5903609769955,Point,,Injury Crash,NA,Feet,NA,Y,N,Pedestrian,2021-10-19T10:45:00Z